MeetID,Federation,Date,MeetCountry,MeetState,MeetTown,MeetName,Lifters,Year
1,USAPL,2026-08-29,USA-NJ,,,Spartan Steel Showdown,31,2026
2,USAPL,2026-08-22,USA-TX,,,Kilo Run,33,2026
3,USAPL,2026-08-22,USA-IL,,,Catalyst Open,22,2026
4,USAPL,2026-08-22,USA-PA,,,Mighty Mick's Classic,9,2026
5,USAPL,2026-08-15,USA-NV,,,The Odds Series II,8,2026
6,USAPL,2026-08-15,USA-VA,,,Novice Showcase,38,2026
7,USAPL,2026-08-15,USA-WI,,,Inferno Open,32,2026
8,USAPL,2026-08-09,USA-NJ,,,Wolf Gyms Summer Showdown,31,2026
9,USAPL,2026-08-08,USA-GA,,,Forge Classic II,56,2026
10,USAPL,2026-08-08,USA-UT,,,Utah Summer Open,23,2026
11,USAPL,2026-08-08,USA-FL,,,Florida Man Classic IV,14,2026
12,USAPL,2026-08-08,USA-CA,,,Mordor Maxout,33,2026
13,USAPL,2026-08-08,USA-SC,,,Palmetto Classic,39,2026
14,USAPL,2026-08-08,USA-CO,,,Denver Barbell Classic,52,2026
15,USAPL,2026-08-08,USA-CA,,,Heavy Metal Open,35,2026
16,USAPL,2026-08-01,USA-NY,,,Long Island Championships,69,2026
17,USAPL,2026-08-01,USA-WY,,,Wyo West Classic,20,2026
18,USAPL,2026-08-01,USA-NM,,,Santa Fe Show of Strength,28,2026
19,USAPL,2026-08-01,USA-OK,,,Iron Sharpens Iron Oklahoma,27,2026
20,USAPL,2026-08-01,USA-TX,,,Hot Hot With A Vengeance,35,2026
21,USAPL,2026-08-01,USA-IN,,,Indiana Eclipse Classic,29,2026
22,USAPL,2026-08-01,USA-FL,,,Lift Handsome Lift Heavy,23,2026
23,USAPL,2026-07-26,USA-NC,,,Unleashed in the Southeast,84,2026
24,USAPL,2026-07-26,USA-IL,,,Iron Luau,39,2026
25,USAPL,2026-07-25,USA-MI,,,Tournament of Power,61,2026
26,USAPL,2026-07-25,USA-PA,,,Pittsburgh Summer Classic,35,2026
27,USAPL,2026-07-25,USA-PA,,,All About The Benjamins Classic,11,2026
28,USAPL,2026-07-25,USA-TX,,,Legends of the Pit,36,2026
29,USAPL,2026-07-25,USA-WA,,,Festival of Steel,58,2026
30,USAPL,2026-07-25,USA-AZ,,,Omega Power Fest,36,2026
31,USAPL,2026-07-25,USA-CA,,,Breathe. Brace. Lift.,31,2026
32,USAPL,2026-07-25,USA-TX,,,Brazos Valley Brawl,44,2026
33,USAPL,2026-07-25,USA-CA,,,California Summer Open IV,58,2026
34,USAPL,2026-07-25,USA-IA,,,Summer Slam,14,2026
35,USAPL,2026-07-19,USA-NJ,,,Nex Level Championship,31,2026
36,USAPL,2026-07-18,USA-TX,,,Bobcat Open,42,2026
37,USAPL,2026-07-18,USA-CT,,,Independence Throw Down,33,2026
38,USAPL,2026-07-18,USA-PA,,,Summer Rookie Riot,33,2026
39,USAPL,2026-07-18,USA-SD,,,South Dakota Open,42,2026
40,USAPL,2026-07-18,USA-WI,,,Stars And Stripes Open,28,2026
41,USAPL,2026-07-18,USA-IL,,,Teen Titan,34,2026
42,USAPL,2026-07-18,USA-MA,,,The Mirage Meet,59,2026
43,USAPL,2026-07-18,USA-MD,,,Future of Strength Showdown,14,2026
44,USAPL,2026-07-18,USA-MI,,,Summer Barbell Riot,41,2026
45,USAPL,2026-07-18,USA-VA,,,Virginia Summer Slam,65,2026
46,USAPL,2026-07-18,USA-NE,,,Cornhusker State Games,131,2026
47,USAPL,2026-07-12,USA-WI,,,Equipped Nationals,73,2026
48,USAPL,2026-07-11,USA-PA,,,Keystone Heat,30,2026
49,USAPL,2026-07-11,USA-CO,,,Bars & Stripes,64,2026
50,USAPL,2026-07-11,USA-KS,,,Summer Smash,27,2026
51,USAPL,2026-07-11,USA-TX,,,South Texas Showdown,26,2026
52,USAPL,2026-07-11,USA-WI,,,Bench Nationals,127,2026
53,USAPL,2026-07-04,USA-GU,,,Battle on the Bay Open Guam State Championships,41,2026
54,USAPL,2026-06-27,USA-FL,,,Ghost Summer Slam 4,23,2026
55,USAPL,2026-06-27,USA-DE,,,PR Paradise,40,2026
56,USAPL,2026-06-27,USA-CA,,,Barbell Brigade,77,2026
57,USAPL,2026-06-27,USA-LA,,,Lagniappe Lift-Off,11,2026
58,USAPL,2026-06-27,USA-NH,,,Odyssey Barbell Club Classic,57,2026
59,USAPL,2026-06-27,USA-NY,,,Barbell and Brine Summer Classic,28,2026
60,USAPL,2026-06-27,USA-PA,,,Philly Gritty Face-Off,23,2026
61,USAPL,2026-06-27,USA-TN,,,Declaration of Deadlifts,14,2026
62,USAPL,2026-06-27,USA-WI,,,Mayhem Open,40,2026
63,USAPL,2026-06-20,USA-CA,,,SuperHero Open IV,56,2026
64,USAPL,2026-06-20,USA-CT,,,CT Summer Slam,20,2026
65,USAPL,2026-06-20,USA-TX,,,Summer Power Fest,80,2026
66,USAPL,2026-06-20,USA-TX,,,Central Texas Classic,21,2026
67,USAPL,2026-06-20,USA-VA,,,Virginia Battle at FXBG Iron,55,2026
68,USAPL,2026-06-12,USA-IL,,,Youth Nationals,60,2026
69,USAPL,2026-06-12,USA-IL,,,Raw Nationals,878,2026
70,USAPL,2026-06-10,USA-IL,,,Masters Nationals,421,2026
71,USAPL,2026-06-06,USA-NY,,,Max Power Showdown,47,2026
72,USAPL,2026-06-06,USA-MI,,,Up North Unleashed,58,2026
73,USAPL,2026-05-31,USA-NJ,,,Adelante Classic,56,2026
74,USAPL,2026-05-30,USA-VA,,,Virginia Battle of Bull Run,38,2026
75,USAPL,2026-05-30,USA-CT,,,NMFAC Classic II,41,2026
76,USAPL,2026-05-30,USA-WI,,,Wolfpack Showdown,22,2026
77,USAPL,2026-05-30,USA-FL,,,Clash of Titans,13,2026
78,USAPL,2026-05-30,USA-LA,,,Louisiana State Games,26,2026
79,USAPL,2026-05-30,USA-IL,,,Battle at the Barn,28,2026
80,USAPL,2026-05-23,USA-OH,,,Spring Siege,56,2026
81,USAPL,2026-05-23,USA-NV,,,The Odd Series I,7,2026
82,USAPL,2026-05-23,USA-FL,,,Magic City Lift Off Miami International Fitness Expo,47,2026
83,USAPL,2026-05-23,USA-PA,,,WOLF Den Memorial Classic,19,2026
84,USAPL,2026-05-23,USA-TX,,,Cowabunga Mutant Muscle Mayhem,44,2026
85,USAPL,2026-05-17,USA-AZ,,,Route 66 Classic,26,2026
86,USAPL,2026-05-16,USA-SC,,,WORDS HAVE WEIGHT,47,2026
87,USAPL,2026-05-16,USA-CA,,,STS Battle,41,2026
88,USAPL,2026-05-16,USA-VA,,,Virginia Mayhem,80,2026
89,USAPL,2026-05-16,USA-NC,,,Bear Town Throwdown,60,2026
90,USAPL,2026-05-16,USA-TN,,,Clash on the Cumberland,39,2026
91,USAPL,2026-05-16,USA-TX,,,P3 Grand Prix,52,2026
92,USAPL,2026-05-16,USA-MA,,,May the Strength Be With You,59,2026
93,USAPL,2026-05-16,USA-WI,,,Mayhem Open,55,2026
94,USAPL,2026-05-09,USA-CA,,,Omni Path of the Dragon,70,2026
95,USAPL,2026-05-09,USA-NM,,,New Mexico Open,45,2026
96,USAPL,2026-05-09,USA-PA,,,Philadelphia Freedom Championship,17,2026
97,USAPL,2026-05-02,USA-SC,,,Ladies Of Steel,32,2026
98,USAPL,2026-05-02,USA-MI,,,Michigan Ladies of Iron,35,2026
99,USAPL,2026-05-02,USA-KS,,,Kansas Ladies of Iron,23,2026
100,USAPL,2026-05-02,USA-CA,,,North California Ladies of Iron IV,39,2026
101,USAPL,2026-05-02,USA-MO,,,Toasted Under The Arch,22,2026
102,USAPL,2026-05-02,USA-MD,,,Maryland Ladies of Iron,25,2026
103,USAPL,2026-05-02,USA-CO,,,License to Lift,35,2026
104,USAPL,2026-05-02,USA-NY,,,New York Ladies of Iron,17,2026
105,USAPL,2026-05-02,USA-SD,,,South Dakota Spring Splash,39,2026
106,USAPL,2026-05-02,USA-CT,,,Connecticut Ladies of Iron,26,2026
107,USAPL,2026-05-02,USA-TX,,,Heart of Texas Classic,18,2026
108,USAPL,2026-05-02,USA-TX,,,Texas Ladies of Iron,20,2026
109,USAPL,2026-05-02,USA-WA,,,Washington Ladies of Iron,60,2026
110,USAPL,2026-05-02,USA-CO,,,Western Slope Showdown,34,2026
111,USAPL,2026-05-02,USA-WY,,,Wyoming Ladies of Iron,16,2026
112,USAPL,2026-05-02,USA-MA,,,Massachusetts Ladies of Iron,40,2026
113,USAPL,2026-05-02,USA-NY,,,Warwick Barbell Bash II,39,2026
114,USAPL,2026-05-02,USA-TX,,,TSS East Texas Open,51,2026
115,USAPL,2026-05-02,USA-WI,,,Wisconsin Ladies of Iron,10,2026
116,USAPL,2026-05-02,USA-WY,,,Wyoming Open,42,2026
117,USAPL,2026-04-26,USA-TN,,,Tennessee Age Division State Championship,33,2026
118,USAPL,2026-04-26,USA-IN,,,Indiana Spring Fling,50,2026
119,USAPL,2026-04-26,USA-TX,,,Iron Triathlon,60,2026
120,USAPL,2026-04-25,USA-HI,,,Hawai'i State Championships,45,2026
121,USAPL,2026-04-25,USA-CA,,,Jacked Culture Iron Over Load,12,2026
122,USAPL,2026-04-25,USA-CA,,,SoCal Showdown 5,58,2026
123,USAPL,2026-04-25,USA-FL,,,Tampa Bay Open,116,2026
124,USAPL,2026-04-25,USA-MA,,,Massachusetts Spring Classic,60,2026
125,USAPL,2026-04-25,USA-WV,,,Mountain Strong Classic,20,2026
126,USAPL,2026-04-25,USA-TX,,,High School Showdown - Invitational,29,2026
127,USAPL,2026-04-25,USA-NY,,,Squats & Science Spring Fling,60,2026
128,USAPL,2026-04-25,USA-OH,,,Maumee River Bash,55,2026
129,USAPL,2026-04-24,USA-NJ,,,New Jersey State Championship,169,2026
130,USAPL,2026-04-18,USA-PA,,,Avengers Winter Smash IV,21,2026
131,USAPL,2026-04-18,USA-MI,,,Panther Power Clash,40,2026
132,USAPL,2026-04-18,USA-NY,,,Reunited Open III,39,2026
133,USAPL,2026-04-18,USA-WA,,,Empire Classic,78,2026
134,USAPL,2026-04-18,USA-OK,,,Brewhouse Open,37,2026
135,USAPL,2026-04-18,USA-MO,,,Barbell Games,63,2026
136,USAPL,2026-04-18,USA-NC,,,Cape Fear Clash,42,2026
137,USAPL,2026-04-18,USA-PA,,,Pittsburgh Spring Classic,44,2026
138,USAPL,2026-04-18,USA-WI,,,Appleton Assault,43,2026
139,USAPL,2026-04-18,USA-VA,,,Virginia Spring Fling,52,2026
140,USAPL,2026-04-18,USA-PA,,,Broad Street Bullies,62,2026
141,USAPL,2026-04-18,USA-NE,,,Warrior Collegiate Open,23,2026
142,USAPL,2026-04-18,USA-GA,,,Classic City Clash,59,2026
143,USAPL,2026-04-11,USA-FL,,,Aura of Strength Open,14,2026
144,USAPL,2026-04-09,USA-LA,,,Collegiate Nationals,1202,2026
145,USAPL,2026-04-04,USA-PA,,,Wooder Ice Classic,8,2026
146,USAPL,2026-04-04,USA-DE,,,Diamond State Classic,29,2026
147,USAPL,2026-03-29,USA-CA,,,Oakland Max Out,26,2026
148,USAPL,2026-03-29,USA-FL,,,10th Annual Capital City Barbell Championship,42,2026
149,USAPL,2026-03-29,USA-MI,,,Pursuit of Power,87,2026
150,USAPL,2026-03-28,USA-NY,,,New York State Championships,223,2026
151,USAPL,2026-03-28,USA-TX,,,Kingdom Madness,13,2026
152,USAPL,2026-03-28,USA-CA,,,Monger Mayhem,30,2026
153,USAPL,2026-03-28,USA-NH,,,New Hampshire State Championships,81,2026
154,USAPL,2026-03-26,USA-TX,,,High School Nationals,649,2026
155,USAPL,2026-03-22,USA-NJ,,,Resurgence Open,54,2026
156,USAPL,2026-03-21,USA-PA,,,DCF Philly End Game,18,2026
157,USAPL,2026-03-21,USA-PA,,,Hammer Forged Classic,34,2026
158,USAPL,2026-03-21,USA-TX,,,Military/Police/Fire Fighters National Championships,58,2026
159,USAPL,2026-03-21,USA-UT,,,Utah State Championships,46,2026
160,USAPL,2026-03-21,USA-ME,,,Maine State Championship,56,2026
161,USAPL,2026-03-21,USA-OR,,,Oregon State Championships,53,2026
162,USAPL,2026-03-21,USA-CT,,,Connecticut State Championships,63,2026
163,USAPL,2026-03-21,USA-MD,,,Maryland State Championship,112,2026
164,USAPL,2026-03-14,USA-NY,,,East Ave Spring Iron,47,2026
165,USAPL,2026-03-14,USA-NE,,,Shamrock Classic,9,2026
166,USAPL,2026-03-14,USA-WI,,,Madness Open,21,2026
167,USAPL,2026-03-14,USA-CA,,,Hidden Strength Spring Brawl,40,2026
168,USAPL,2026-03-14,USA-TN,,,P3 Golden Era,29,2026
169,USAPL,2026-03-14,USA-CA,,,Make Your Own Luck Open IV,58,2026
170,USAPL,2026-03-14,USA-IL,,,Surge Legacy Series,49,2026
171,USAPL,2026-03-08,USA-OH,,,EmpowerID Nationals,21,2026
172,USAPL,2026-03-08,USA-OH,,,Battle Of The Regions,20,2026
173,USAPL,2026-03-08,USA-FL,,,Ghost Strong Miami Open 3,46,2026
174,USAPL,2026-03-07,USA-OH,,,Female Raw Challenge & Female Adaptive Open,42,2026
175,USAPL,2026-03-07,USA-NY,,,Rocky Rumble 4,20,2026
176,USAPL,2026-03-07,USA-AZ,,,Arizona State Championships,68,2026
177,USAPL,2026-03-07,USA-OH,,,Male Raw Challenge & Male Adaptive Open,44,2026
178,USAPL,2026-03-06,USA-OH,,,Arnold - Masters Bench Bash,42,2026
179,USAPL,2026-03-06,USA-OH,,,Arnold - Masters Raw Challenge,51,2026
180,USAPL,2026-03-06,USA-OH,,,Arnold - Open Bench Bash,49,2026
181,USAPL,2026-03-01,USA-TX,,,Texas Strength Classic,39,2026
182,USAPL,2026-03-01,USA-MA,,,16th Annual Ryan Moore New England States High School Championship,100,2026
183,USAPL,2026-03-01,USA-NJ,,,Garden State Winter War,28,2026
184,USAPL,2026-02-28,USA-TX,,,Winter Wrecker,24,2026
185,USAPL,2026-02-28,USA-TX,,,Texas High School State Championships,42,2026
186,USAPL,2026-02-28,USA-TX,,,Pinnacle Strength Summit,50,2026
187,USAPL,2026-02-28,USA-WI,,,Rumble At The Ranch,37,2026
188,USAPL,2026-02-28,USA-TX,,,Raider Rumble,44,2026
189,USAPL,2026-02-28,USA-CA,,,Third Street Showdown ll,24,2026
190,USAPL,2026-02-28,USA-NC,,,War on Route 64,55,2026
191,USAPL,2026-02-28,USA-OR,,,Oregon Collegiate and Highschool Showdown,20,2026
192,USAPL,2026-02-28,USA-PA,,,Pennsylania State Championship,71,2026
193,USAPL,2026-02-28,USA-SC,,,Sodatown Showdown,39,2026
194,USAPL,2026-02-22,USA-VA,,,Virginia State Championships,95,2026
195,USAPL,2026-02-22,USA-MN,,,Roseville Rumble,39,2026
196,USAPL,2026-02-22,USA-NY,,,February Iron Clash II,61,2026
197,USAPL,2026-02-21,USA-CA,,,1RM Battle for LA,35,2026
198,USAPL,2026-02-21,USA-WI,,,Golden Eagle Open,23,2026
199,USAPL,2026-02-21,USA-CA,,,King of the Desert,21,2026
200,USAPL,2026-02-21,USA-TN,,,Inaugural Clarksville Barbell Open,24,2026
201,USAPL,2026-02-21,USA-CO,,,Colorado State Championships,130,2026
202,USAPL,2026-02-21,USA-IA,,,Iowa State Meet,86,2026
203,USAPL,2026-02-21,USA-LA,,,Capital City Classic,25,2026
204,USAPL,2026-02-21,USA-MA,,,Oasis Powerlifting Classic,53,2026
205,USAPL,2026-02-21,USA-WA,,,Woodinville Rookie Competition,53,2026
206,USAPL,2026-02-21,USA-MO,,,Missouri State Championships,109,2026
207,USAPL,2026-02-21,USA-WI,,,Val-Lift-Time Open,20,2026
208,USAPL,2026-02-21,USA-TX,,,White Lights Open,63,2026
209,USAPL,2026-02-21,USA-NV,,,Nevada State Championship,41,2026
210,USAPL,2026-02-21,USA-NY,,,Rookie Ruckus 4,62,2026
211,USAPL,2026-02-15,USA-OK,,,Oklahoma State Championships,66,2026
212,USAPL,2026-02-14,USA-WA,,,Evergreen State Showdown,44,2026
213,USAPL,2026-02-14,USA-GA,,,Georgia State Championships,153,2026
214,USAPL,2026-02-14,USA-MI,,,Full Send,21,2026
215,USAPL,2026-02-14,USA-CA,,,Heartbreaker Open IV,30,2026
216,USAPL,2026-02-14,USA-TX,,,Heavy Singles,28,2026
217,USAPL,2026-02-14,USA-NY,,,All Academy Cup,45,2026
218,USAPL,2026-02-14,USA-RI,,,Cold Hearts Classic,18,2026
219,USAPL,2026-02-08,USA-IL,,,West Loop Winter Classic,43,2026
220,USAPL,2026-02-08,USA-NH,,,Husky Classic,64,2026
221,USAPL,2026-02-07,USA-TX,,,Texan Classic,37,2026
222,USAPL,2026-02-07,USA-AK,,,Alaska State Championship,35,2026
223,USAPL,2026-02-07,USA-FL,,,PRs In Paradise,33,2026
224,USAPL,2026-02-07,USA-AR,,,Arkansas State Championships,42,2026
225,USAPL,2026-02-07,USA-MS,,,Mississippi State Championships,26,2026
226,USAPL,2026-02-07,USA-MD,,,Hometown Winter War,38,2026
227,USAPL,2026-02-07,USA-IL,,,Beast of the Metro East,23,2026
228,USAPL,2026-02-07,USA-KS,,,Friends Open,28,2026
229,USAPL,2026-02-07,USA-WY,,,Wyoming State Championships,58,2026
230,USAPL,2026-02-07,USA-PA,,,Liberty Bell Classic,26,2026
231,USAPL,2026-02-07,USA-TX,,,High School Open,22,2026
232,USAPL,2026-02-01,USA-MA,,,Boston Open,65,2026
233,USAPL,2026-02-01,USA-IN,,,Indiana State Championship,104,2026
234,USAPL,2026-01-31,USA-TX,,,Aggie Showdown,67,2026
235,USAPL,2026-01-31,USA-KY,,,Kentucky State Championships,64,2026
236,USAPL,2026-01-31,USA-WI,,,Wisconsin State Championships,92,2026
237,USAPL,2026-01-31,USA-KS,,,Kansas State Championships,58,2026
238,USAPL,2026-01-31,USA-CA,,,STS Arise,94,2026
239,USAPL,2026-01-31,USA-LA,,,Gumbo & Glory,57,2026
240,USAPL,2026-01-31,USA-LA,,,Last Chance Qualifier,5,2026
241,USAPL,2026-01-31,USA-SC,,,Rookie Rampage,24,2026
242,USAPL,2026-01-31,USA-MA,,,Wolfpack High School Open,56,2026
243,USAPL,2026-01-31,USA-NC,,,North Carolina State Championships Primetime,21,2026
244,USAPL,2026-01-31,USA-NC,,,North Carolina State Championships,101,2026
245,USAPL,2026-01-31,USA-NE,,,Nebraska State Championship,135,2026
246,USAPL,2026-01-31,USA-MI,,,Panther Jungle Throwdown,78,2026
247,USAPL,2026-01-31,USA-NY,,,Who Let the Dawgs Out Classic,16,2026
248,USAPL,2026-01-24,USA-WI,,,Wisconsin Warrior,30,2026
249,USAPL,2026-01-24,USA-CA,,,California State Championships,134,2026
250,USAPL,2026-01-24,USA-AL,,,Alabama State Championships,44,2026
251,USAPL,2026-01-24,USA-CT,,,Frozen Barbell Showdown,29,2026
252,USAPL,2026-01-24,USA-UT,,,Ice 'N Iron,13,2026
253,USAPL,2026-01-24,USA-IL,,,Illinois State Championship,90,2026
254,USAPL,2026-01-24,USA-NE,,,Strong Husker State High School,26,2026
255,USAPL,2026-01-24,USA-MD,,,Bar's Loaded 3,30,2026
256,USAPL,2026-01-24,USA-MI,,,Michigan Para Bench Qualifier,3,2026
257,USAPL,2026-01-24,USA-NY,,,Hudson Valley Classic,47,2026
258,USAPL,2026-01-24,USA-PA,,,Keystone Cup,50,2026
259,USAPL,2026-01-17,USA-VA,,,Virginia Winter Open,49,2026
260,USAPL,2026-01-17,USA-TX,,,Texas State Championships,139,2026
261,USAPL,2026-01-17,USA-SC,,,Uncle Sam's Winter Classic,27,2026
262,USAPL,2026-01-17,USA-MD,,,Anchors Aweigh Classic,10,2026
263,USAPL,2026-01-17,USA-MN,,,Minnesota Junior Open and Master State Championship,67,2026
264,USAPL,2026-01-17,USA-MI,,,Clash of the Kilos,81,2026
265,USAPL,2026-01-17,USA-MA,,,12th Annual St. John's High School Classic,69,2026
266,USAPL,2026-01-11,USA-NH,,,Odyssey Barbell Winter Open,43,2026
267,USAPL,2026-01-10,USA-NJ,,,New Jersey High School and Youth State Championship,60,2026
268,USAPL,2026-01-10,USA-PA,,,Pittsburgh Winter Classic,30,2026
269,USAPL,2026-01-10,USA-CO,,,Barbell Blitzkrieg,32,2026
270,USAPL,2026-01-10,USA-PA,,,DCF Philly January Jawn,19,2026
271,USAPL,2026-01-10,USA-FL,,,Iron House Classic,28,2026
272,USAPL,2026-01-03,USA-TN,,,Tennessee Open State Championship,40,2026
273,USAPL,2025-12-24,Israel,,,Israel Hanukkah Championship,12,2025
274,USAPL,2025-12-21,USA-TX,,,Rookies and OGs,40,2025
275,USAPL,2025-12-21,Netherlands,,,NK Nederland,18,2025
276,USAPL,2025-12-20,USA-TX,,,Cougar Classic,66,2025
277,USAPL,2025-12-20,USA-WA,,,Team Phoinix Holiday Classic,42,2025
278,USAPL,2025-12-20,USA-MS,,,Christmas Miracle,14,2025
279,USAPL,2025-12-20,USA-AZ,,,Southern Arizona II,52,2025
280,USAPL,2025-12-20,USA-IN,,,Midnight eclipse,41,2025
281,USAPL,2025-12-20,USA-NE,,,Lexington High School Open,31,2025
282,USAPL,2025-12-20,USA-CT,,,Team GPT Invitational,19,2025
283,USAPL,2025-12-20,USA-TX,,,Klash at Kingdom Vol. III,33,2025
284,USAPL,2025-12-20,USA-WI,,,Liftmas Open,53,2025
285,USAPL,2025-12-14,USA-NJ,,,New Jersey Collegiate State Championship,32,2025
286,USAPL,2025-12-14,USA-NV,,,Just Fight Classic,61,2025
287,USAPL,2025-12-13,USA-TX,,,Continue Climbing Classic,13,2025
288,USAPL,2025-12-13,USA-CA,,,Mana Finale,56,2025
289,USAPL,2025-12-13,USA-CO,,,Krampus is Coming to Town Vol 4,36,2025
290,USAPL,2025-12-13,USA-FL,,,Swamp Showdown,37,2025
291,USAPL,2025-12-13,USA-CA,,,Jacked Culture Merry Liftmas,38,2025
292,USAPL,2025-12-13,USA-TX,,,Alamo City Rookie Rumble,40,2025
293,USAPL,2025-12-13,USA-WI,,,Elkhorn High School Holiday Regional,264,2025
294,USAPL,2025-12-13,USA-NY,,,Long Island Winter Showdown II,92,2025
295,USAPL,2025-12-13,USA-MN,,,Battle of the Frozen Tundra,65,2025
296,USAPL,2025-12-13,USA-IL,,,Snow Day Showdown,26,2025
297,USAPL,2025-12-13,USA-CA,,,Barbell Brigade Winter Finale,68,2025
298,USAPL,2025-12-09,USA-GA,,,Rookie Rally,28,2025
299,USAPL,2025-12-07,USA-NJ,,,Adelante Winter Heat,56,2025
300,USAPL,2025-12-06,USA-PA,,,Winter Primetime,39,2025
301,USAPL,2025-12-06,USA-HI,,,Honolulu Night Lift,45,2025
302,USAPL,2025-12-06,USA-CO,,,Collegiate Cup Series - Colorado,21,2025
303,USAPL,2025-12-06,USA-GA,,,Holiday Havoc,34,2025
304,USAPL,2025-12-06,USA-TX,,,Southern Collegiate Cup Series,100,2025
305,USAPL,2025-12-06,USA-LA,,,Strong Hawk Meet,38,2025
306,USAPL,2025-12-06,USA-ME,,,Carrie Boudreau Big Pullooza V,28,2025
307,USAPL,2025-12-06,USA-NY,,,Intrepid Classic,39,2025
308,USAPL,2025-12-06,USA-WV,,,West Virginia State Championship,34,2025
309,USAPL,2025-12-06,USA-OH,,,Ohio State Championship,109,2025
310,USAPL,2025-12-06,USA-TX,,,Texas Open,56,2025
311,USAPL,2025-12-06,USA-WI,,,Total for Ta Ta's,26,2025
312,USAPL,2025-12-06,USA-CT,,,CT Winter Showdown,41,2025
313,USAPL,2025-12-06,USA-VA,,,Virginia Winter Wrecker,83,2025
314,USAPL,2025-11-29,USA-VA,,,Virginia Collegiate and High School State Championships,70,2025
315,USAPL,2025-11-23,USA-NJ,,,New Jersey Iron Gobbler,58,2025
316,USAPL,2025-11-23,USA-MI,,,Adaptive & EmpowerID Michigan State Championships,7,2025
317,USAPL,2025-11-22,USA-MA,,,Massachusetts State Championships,175,2025
318,USAPL,2025-11-22,USA-NY,,,Sincere Training Systems Classic IV,44,2025
319,USAPL,2025-11-22,USA-VA,,,Virginia Holiday Havoc,33,2025
320,USAPL,2025-11-22,USA-WY,,,Casper Chill,50,2025
321,USAPL,2025-11-22,USA-PA,,,Pittsburgh Fall Classic,52,2025
322,USAPL,2025-11-22,USA-TX,,,Collegiate State Championships,276,2025
323,USAPL,2025-11-22,USA-MI,,,Michigan State Championship,145,2025
324,USAPL,2025-11-22,USA-MI,,,Michigan State Championship Primetime,23,2025
325,USAPL,2025-11-22,USA-PA,,,Whiz Wit Classic,27,2025
326,USAPL,2025-11-22,USA-LA,,,Collegiate Cup Series - Lafayette,93,2025
327,USAPL,2025-11-22,USA-ID,,,Idaho State Championships,28,2025
328,USAPL,2025-11-22,USA-NE,,,Collegiate Cup Series - Nebraska,127,2025
329,USAPL,2025-11-16,USA-MN,,,Minnesota State Youth Teen & High School Championships,33,2025
330,USAPL,2025-11-16,USA-IN,,,Collegiate Crossroads,83,2025
331,USAPL,2025-11-15,USA-AL,,,Collegiate Cup Series - Southeast,67,2025
332,USAPL,2025-11-15,USA-RI,,,Collegiate Cup Series - Rhode Island,43,2025
333,USAPL,2025-11-15,USA-MO,,,Beer City Classic,88,2025
334,USAPL,2025-11-15,USA-NY,,,Digging Mulch Problems Deep Open / Rookie Meet,37,2025
335,USAPL,2025-11-15,USA-IL,,,Surge Classic,65,2025
336,USAPL,2025-11-15,USA-TX,,,Brawl in the Falls,42,2025
337,USAPL,2025-11-15,USA-CA,,,Omni Infinite,71,2025
338,USAPL,2025-11-15,USA-NY,,,Strong Island Open,44,2025
339,USAPL,2025-11-15,USA-DE,,,Delaware State Championships,64,2025
340,USAPL,2025-11-15,USA-CA,,,Spartan Open,30,2025
341,USAPL,2025-11-15,USA-SD,,,South Dakota State Championships,57,2025
342,USAPL,2025-11-15,USA-TX,,,Piney Woods Open,43,2025
343,USAPL,2025-11-15,USA-SC,,,South Carolina State Championship,67,2025
344,USAPL,2025-11-15,USA-OH,,,Beginners Brawl,74,2025
345,USAPL,2025-11-15,USA-AK,,,SubZero Strength Showdown,19,2025
346,USAPL,2025-11-15,USA-WI,,,Gainsgiving Open,43,2025
347,USAPL,2025-11-15,USA-MD,,,Women of Power 2,31,2025
348,USAPL,2025-11-15,USA-OK,,,Brewhouse Brawl,56,2025
349,USAPL,2025-11-09,USA-NC,,,Battle of the Brave,74,2025
350,USAPL,2025-11-09,USA-FL,,,Florida State Championship,109,2025
351,USAPL,2025-11-09,USA-NY,,,Collegiate Cup Series - New York,22,2025
352,USAPL,2025-11-09,USA-FL,,,Ghost Fall Fest 3,30,2025
353,USAPL,2025-11-09,USA-GU,,,Guam Iron Ascension,20,2025
354,USAPL,2025-11-09,USA-MA,,,Collegiate Cup Series - Massachusetts,41,2025
355,USAPL,2025-11-08,USA-CA,,,California High School Open II,14,2025
356,USAPL,2025-11-08,USA-NY,,,Ivy League Cup,78,2025
357,USAPL,2025-11-08,USA-CA,,,STS West Coast Strongest Classic,28,2025
358,USAPL,2025-11-08,USA-KS,,,Fall Brawl,32,2025
359,USAPL,2025-11-08,USA-PA,,,Far Beyond Driven Showdown,16,2025
360,USAPL,2025-11-08,USA-TX,,,RGV Fall Classic,25,2025
361,USAPL,2025-11-08,USA-PA,,,Collegiate Cup Series - Pittsburgh,86,2025
362,USAPL,2025-11-08,USA-CA,,,NorCal Novice Open,35,2025
363,USAPL,2025-11-08,USA-VA,,,Virginia Siege,21,2025
364,USAPL,2025-11-08,USA-FL,,,Florida Collegiate State Championship,177,2025
365,USAPL,2025-11-08,USA-TX,,,Longhorn Open,61,2025
366,USAPL,2025-11-08,USA-UT,,,ATS Classic,43,2025
367,USAPL,2025-11-08,USA-VA,,,Virginia Fall Finale,29,2025
368,USAPL,2025-11-08,USA-CA,,,Thanksgiving Throwdown,47,2025
369,USAPL,2025-11-08,USA-CT,,,NMFAC Classic,32,2025
370,USAPL,2025-11-08,USA-CO,,,Legend of the Kilomonster,127,2025
371,USAPL,2025-11-08,USA-MS,,,Topper Open,14,2025
372,USAPL,2025-11-08,USA-NM,,,New Mexico State Championships,60,2025
373,USAPL,2025-11-02,USA-TN,,,Tennessee High School and Collegiate State Championship,20,2025
374,USAPL,2025-11-01,USA-TX,,,Winter War,24,2025
375,USAPL,2025-11-01,USA-NY,,,Squats & Science Fall Brawl,52,2025
376,USAPL,2025-11-01,USA-MO,,,William Jewell Collegiate Invitational,70,2025
377,USAPL,2025-11-01,USA-GA,,,Ladies of Power,30,2025
378,USAPL,2025-11-01,USA-MA,,,Western MASSacre,28,2025
379,USAPL,2025-11-01,USA-NH,,,Odyssey Barbell Club Classic,51,2025
380,USAPL,2025-11-01,USA-AZ,,,Arizona Fall Classic,68,2025
381,USAPL,2025-11-01,USA-WA,,,Washington State Championship,171,2025
382,USAPL,2025-11-01,USA-LA,,,Louisiana State Championship,19,2025
383,USAPL,2025-10-26,USA-NJ,,,Resurgence: The Reaping,65,2025
384,USAPL,2025-10-26,USA-CA,,,Collegiate Cup Series - California,29,2025
385,USAPL,2025-10-25,USA-IL,,,GONZO'S IRON NIGHTMARE,34,2025
386,USAPL,2025-10-25,USA-MD,,,Death by Iron,28,2025
387,USAPL,2025-10-25,USA-SC,,,Fresh Force Showcase,22,2025
388,USAPL,2025-10-25,USA-MN,,,Monsters Bash,69,2025
389,USAPL,2025-10-25,USA-CA,,,Knight Mare Classic II,73,2025
390,USAPL,2025-10-25,USA-CA,,,Hidden Strength Showdown,63,2025
391,USAPL,2025-10-25,USA-TX,,,TSS H-Town Showdown,51,2025
392,USAPL,2025-10-25,USA-VA,,,Virginia Fright Night,57,2025
393,USAPL,2025-10-25,USA-WI,,,Jacked O'Lantern,27,2025
394,USAPL,2025-10-19,USA-NJ,,,The Jersey Invitational,48,2025
395,USAPL,2025-10-18,USA-WI,,,Freak Fest,27,2025
396,USAPL,2025-10-18,USA-SC,,,Southeast Regionals,244,2025
397,USAPL,2025-10-18,USA-OR,,,Oregon Open III,44,2025
398,USAPL,2025-10-18,USA-PA,,,Philadelphia Fall Showdown,16,2025
399,USAPL,2025-10-11,USA-FL,,,Haunting at the Iron House,55,2025
400,USAPL,2025-10-11,USA-MT,,,Montana State Championships,31,2025
401,USAPL,2025-10-11,USA-TN,,,P3 Muscle & Flow,20,2025
402,USAPL,2025-10-11,USA-NV,,,Olympia Bench And Deadlift Championships,18,2025
403,USAPL,2025-10-11,USA-VA,,,Virginia Chaos Open,26,2025
404,USAPL,2025-10-11,USA-KS,,,Slasher Classic,34,2025
405,USAPL,2025-10-11,USA-PA,,,Rookie Brawl,22,2025
406,USAPL,2025-10-11,USA-NY,,,RIT Tiger on the Loose Throwdown,16,2025
407,USAPL,2025-10-11,USA-NV,,,Prime Time and Masters Championship,34,2025
408,USAPL,2025-10-10,USA-NV,,,Olympia Open,52,2025
409,USAPL,2025-10-05,USA-CT,,,Titanium Strength Rock n Roll Classic II,55,2025
410,USAPL,2025-10-05,USA-MA,,,Iron Initiation,55,2025
411,USAPL,2025-10-04,USA-PA,,,Avengers Monsters Smash IV,27,2025
412,USAPL,2025-10-04,USA-OH,,,Kratos Fall Classic,28,2025
413,USAPL,2025-10-04,USA-IL,,,Bearcat Classic,21,2025
414,USAPL,2025-10-04,USA-AL,,,Magic City Showdown,20,2025
415,USAPL,2025-10-04,USA-NE,,,CUNE Collegiate Powerlifting Meet,62,2025
416,USAPL,2025-09-27,USA-NY,,,Mayhem at the Mill,27,2025
417,USAPL,2025-09-27,USA-PA,,,Philly Special,12,2025
418,USAPL,2025-09-27,USA-TX,,,Castle Barbell Iron Gambit,28,2025
419,USAPL,2025-09-27,USA-NC,,,Fall Festival of Power,83,2025
420,USAPL,2025-09-27,USA-AR,,,Arkansas Iron Open,40,2025
421,USAPL,2025-09-27,Vietnam,,,Classic Championships,49,2025
422,USAPL,2025-09-21,USA-NJ,,,New Jersey Heavy Metal Classic,36,2025
423,USAPL,2025-09-20,USA-TX,,,Iron Wars,62,2025
424,USAPL,2025-09-20,USA-WA,,,Spokane,38,2025
425,USAPL,2025-09-20,USA-SC,,,Lift Off: Rookies Rise,48,2025
426,USAPL,2025-09-20,USA-FL,,,Blazing Sun II,18,2025
427,USAPL,2025-09-19,USA-MO,,,Viking Invitational,61,2025
428,USAPL,2025-09-13,USA-GA,,,Lifting the House,40,2025
429,USAPL,2025-09-13,USA-NE,,,OneUp Barbell Bash,25,2025
430,USAPL,2025-09-13,USA-TX,,,Rookies and Regulars at THE PIT,39,2025
431,USAPL,2025-09-13,USA-NJ,,,Spartan Steel Showdown,15,2025
432,USAPL,2025-09-13,USA-VA,,,Virginia Iron Classic,27,2025
433,USAPL,2025-09-07,USA-TN,,,Scruffy City Showdown,26,2025
434,USAPL,2025-09-06,USA-NY,,,Northeast Regionals,410,2025
435,USAPL,2025-09-06,USA-NV,,,West Regionals,270,2025
436,USAPL,2025-09-06,USA-WI,,,Midwest Regionals,300,2025
437,USAPL,2025-09-05,USA-TX,,,Southwest Regionals,208,2025
438,USAPL,2025-08-31,USA-IN,,,Indiana Fall Brawl,51,2025
439,USAPL,2025-08-31,USA-CA,,,Heavy Metal Open,48,2025
440,USAPL,2025-08-30,USA-NY,,,Rochester Rumble VII,52,2025
441,USAPL,2025-08-30,USA-PA,,,Mighty Mick's Classic,22,2025
442,USAPL,2025-08-30,USA-WA,,,Summer End,56,2025
443,USAPL,2025-08-23,USA-IA,,,Summer Slam,31,2025
444,USAPL,2025-08-23,USA-MI,,,Iron Games,27,2025
445,USAPL,2025-08-23,USA-TX,,,Waco War 3,23,2025
446,USAPL,2025-08-23,USA-OH,,,Ohio Summer Showdown,18,2025
447,USAPL,2025-08-23,USA-VA,,,Virginia Richmond Raid,32,2025
448,USAPL,2025-08-17,USA-CA,,,Sun's Out Guns Out Open,28,2025
449,USAPL,2025-08-17,USA-FL,,,X Ghost Florida's Strongest 2,33,2025
450,USAPL,2025-08-16,Netherlands,,,World Championship Qualification,8,2025
451,USAPL,2025-08-16,Hong Kong,,,Hong Kong Championships,87,2025
452,USAPL,2025-08-16,USA-SC,,,Palmetto Classic,67,2025
453,USAPL,2025-08-16,USA-VA,,,Mega Novice Open,38,2025
454,USAPL,2025-08-16,USA-CA,,,Jacked Culture Summer Showdown,13,2025
455,USAPL,2025-08-16,USA-UT,,,Beehive State Barbell Bash,55,2025
456,USAPL,2025-08-10,USA-CO,,,Summer Showdown & Team Cup,64,2025
457,USAPL,2025-08-10,USA-NJ,,,Wolf Fitness Summer Showdown,28,2025
458,USAPL,2025-08-09,USA-WI,,,Inferno Open,28,2025
459,USAPL,2025-08-09,USA-CA,,,STS Summer Showdown,57,2025
460,USAPL,2025-08-09,USA-GA,,,Forge Classic,35,2025
461,USAPL,2025-08-09,USA-NY,,,Long Island Championships,53,2025
462,USAPL,2025-08-09,USA-OR,,,Quack Qualifier,1,2025
463,USAPL,2025-08-03,USA-NH,,,Odyssey Summer Open,50,2025
464,USAPL,2025-08-02,USA-OK,,,Iron Sharpens Iron,40,2025
465,USAPL,2025-08-02,USA-FL,,,Florida Man Classic III,40,2025
466,USAPL,2025-08-02,USA-AZ,,,Summer Sizzle,68,2025
467,USAPL,2025-08-02,South Korea,,,Legends Never Die,63,2025
468,USAPL,2025-08-02,USA-MS,,,Meltdown on the Mississippi,15,2025
469,USAPL,2025-07-27,USA-NC,,,Unleashed in the Southeast,82,2025
470,USAPL,2025-07-27,USA-PA,,,Equipped Nationals,58,2025
471,USAPL,2025-07-27,Vietnam,,,Viet Nam Teen & Junior Champions of Strength,49,2025
472,USAPL,2025-07-26,USA-ME,,,Maine Event: Heatwave Havoc,26,2025
473,USAPL,2025-07-26,USA-NM,,,Santa Fe Show of Strength,41,2025
474,USAPL,2025-07-26,USA-PA,,,Bench Nationals,108,2025
475,USAPL,2025-07-26,USA-NY,,,Iron beast Brawl II,29,2025
476,USAPL,2025-07-26,USA-TX,,,Rise City Rivalry,36,2025
477,USAPL,2025-07-26,USA-IL,,,Iron Luau,54,2025
478,USAPL,2025-07-25,USA-PA,,,Youth Nationals,63,2025
479,USAPL,2025-07-25,USA-PA,,,EmpowerID Nationals,12,2025
480,USAPL,2025-07-20,USA-TX,,,Texas Fire Fighter Summer Games,4,2025
481,USAPL,2025-07-20,USA-MA,,,New Age Classic,39,2025
482,USAPL,2025-07-19,USA-KS,,,Summer Smash,45,2025
483,USAPL,2025-07-19,USA-RI,,,Summer at the Bar,19,2025
484,USAPL,2025-07-19,USA-TX,,,Snap Fitness Classic II,8,2025
485,USAPL,2025-07-19,USA-TX,,,Space City Barbell Battle,43,2025
486,USAPL,2025-07-19,USA-CA,,,California Summer III,66,2025
487,USAPL,2025-07-19,USA-CO,,,Prodigy Summer Barbell Bash,41,2025
488,USAPL,2025-07-19,USA-WA,,,Festival of Steel,57,2025
489,USAPL,2025-07-19,USA-WI,,,Stars And Stripes Open,44,2025
490,USAPL,2025-07-19,USA-PA,,,Pittsburgh Summer Classic,30,2025
491,USAPL,2025-07-19,USA-TX,,,South Texas Showdown,35,2025
492,USAPL,2025-07-19,USA-PA,,,Summer Showdown,24,2025
493,USAPL,2025-07-13,USA-GA,,,Georgia High School State Championship,17,2025
494,USAPL,2025-07-13,USA-NY,,,EmpowerID Qualifier,9,2025
495,USAPL,2025-07-12,USA-FL,,,Sunshine State Showdown,57,2025
496,USAPL,2025-07-12,USA-WY,,,GRSF Iron Triathlon,11,2025
497,USAPL,2025-07-12,USA-CT,,,Rookie Rumble,32,2025
498,USAPL,2025-07-12,USA-MD,,,Revival Classic,22,2025
499,USAPL,2025-07-12,USA-PA,,,All About The Benjamins Classic,12,2025
500,USAPL,2025-07-12,USA-ID,,,Summer Shootout,26,2025
501,USAPL,2025-07-12,USA-TX,,,DBDS x Pioneer Open,70,2025
502,USAPL,2025-07-12,USA-IN,,,Eclipse Classic,43,2025
503,USAPL,2025-07-12,USA-CA,,,It's Not a Phase Classic,73,2025
504,USAPL,2025-07-12,USA-MI,,,Tournament of Power,78,2025
505,USAPL,2025-07-12,USA-NE,,,Cornhusker State Games,135,2025
506,USAPL,2025-07-12,USA-PA,,,Avengers Summer Throwdown III,20,2025
507,USAPL,2025-07-12,USA-VA,,,Virginia Heat,54,2025
508,USAPL,2025-07-05,USA-GU,,,Summer of Strength ISC Edition,38,2025
509,USAPL,2025-07-02,Israel,,,Jerusalem Of Gold,15,2025
510,USAPL,2025-06-26,USA-GA,,,Raw Nationals,830,2025
511,USAPL,2025-06-21,USA-MA,,,The Mirage Meet,23,2025
512,USAPL,2025-06-21,USA-TX,,,Summer Power Fest,45,2025
513,USAPL,2025-06-14,USA-PA,,,Philly Gritty Face-Off,20,2025
514,USAPL,2025-06-14,USA-VA,,,Summer Slam,54,2025
515,USAPL,2025-06-14,USA-AK,,,Alaska State Championships,13,2025
516,USAPL,2025-06-14,South Korea,,,Korea Nationals,84,2025
517,USAPL,2025-06-14,USA-TX,,,Rumble in the Jungle,24,2025
518,USAPL,2025-06-14,USA-SD,,,South Dakota Open,31,2025
519,USAPL,2025-06-14,USA-TX,,,Luck of the Lifts,21,2025
520,USAPL,2025-06-14,USA-CA,,,Superhero Open,51,2025
521,USAPL,2025-06-14,USA-WI,,,Central Wisconsin Open,22,2025
522,USAPL,2025-06-14,Hong Kong,,,Lifts of Fury,74,2025
523,USAPL,2025-06-08,USA-NJ,,,Nex Level Championship,52,2025
524,USAPL,2025-06-07,USA-SC,,,Words Have Weight,41,2025
525,USAPL,2025-06-07,USA-MD,,,Hometown Heatwave,47,2025
526,USAPL,2025-06-07,USA-MI,,,Northern Strength Showdown,39,2025
527,USAPL,2025-06-07,USA-MN,,,King of Kilos Raw Open,34,2025
528,USAPL,2025-06-07,USA-MO,,,Toasted Summer Throwdown,36,2025
529,USAPL,2025-06-07,USA-NY,,,Barbell and Brine Open/Rookie Bash,43,2025
530,USAPL,2025-06-07,USA-OH,,,Aces High,53,2025
531,USAPL,2025-06-07,USA-PA,,,Philly Primetime,30,2025
532,USAPL,2025-06-07,USA-TX,,,Central Texas Classic,20,2025
533,USAPL,2025-06-07,USA-FL,,,PR's in Paradise,40,2025
534,USAPL,2025-05-31,USA-GA,,,Cohen Qualifier,5,2025
535,USAPL,2025-05-31,USA-LA,,,Louisiana State Games,32,2025
536,USAPL,2025-05-31,USA-IL,,,Surge Legacy Series,55,2025
537,USAPL,2025-05-31,USA-ME,,,Stand Strong Spring Storm,28,2025
538,USAPL,2025-05-31,USA-NY,,,Reunited Open II,40,2025
539,USAPL,2025-05-25,USA-TX,,,High School Showdown,23,2025
540,USAPL,2025-05-25,USA-NH,,,Odyssey's Rookie Rumble,29,2025
541,USAPL,2025-05-25,Vietnam,,,Lord of the Lifts,47,2025
542,USAPL,2025-05-24,USA-GA,,,Tournament of Power at MomoCon,57,2025
543,USAPL,2025-05-24,USA-FL,,,Smash Open 5,19,2025
544,USAPL,2025-05-24,USA-NY,,,Squats & Science Spring Fling,85,2025
545,USAPL,2025-05-24,USA-TX,,,Iron Triathlon,50,2025
546,USAPL,2025-05-24,USA-CA,,,House of Omni,91,2025
547,USAPL,2025-05-24,USA-CA,,,Blackout Barbell Open,35,2025
548,USAPL,2025-05-24,USA-OH,,,Spring Siege,86,2025
549,USAPL,2025-05-24,USA-VA,,,Virginia Max Effort,26,2025
550,USAPL,2025-05-23,USA-GA,,,Tournament of Power at MomoCon Day 1,27,2025
551,USAPL,2025-05-18,USA-LA,,,Battle of the Strongest,37,2025
552,USAPL,2025-05-18,USA-FL,,,Ghost Summer Slam 3,32,2025
553,USAPL,2025-05-18,USA-NJ,,,Quad Strength System Classic,32,2025
554,USAPL,2025-05-17,USA-KS,,,Kansas Ladies of Iron,32,2025
555,USAPL,2025-05-17,USA-NE,,,Nebraska Ladies of Iron,16,2025
556,USAPL,2025-05-17,USA-CA,,,North California Ladies of Iron,43,2025
557,USAPL,2025-05-17,USA-NY,,,New York Ladies of Iron,39,2025
558,USAPL,2025-05-17,USA-TX,,,P3 Grand Prix,41,2025
559,USAPL,2025-05-17,USA-AL,,,Maveriq Spring Showdown,20,2025
560,USAPL,2025-05-17,USA-AR,,,Wild Hog Throwdown,35,2025
561,USAPL,2025-05-17,USA-MA,,,Massachusetts Ladies of Iron,49,2025
562,USAPL,2025-05-17,USA-MI,,,Michigan Ladies of Iron,44,2025
563,USAPL,2025-05-17,USA-TX,,,Super Saiyan Tournament of Power,58,2025
564,USAPL,2025-05-17,USA-TX,,,Texas Ladies of Iron,17,2025
565,USAPL,2025-05-17,USA-WA,,,Washington Ladies of Iron,72,2025
566,USAPL,2025-05-17,USA-WI,,,Mayhem Open,32,2025
567,USAPL,2025-05-17,USA-WI,,,Wisconsin Ladies of Iron,29,2025
568,USAPL,2025-05-17,USA-WY,,,Wyoming Ladies of Iron,23,2025
569,USAPL,2025-05-17,USA-CT,,,Connecticut Ladies of Iron,38,2025
570,USAPL,2025-05-17,USA-MD,,,Maryland Ladies of Iron,22,2025
571,USAPL,2025-05-17,USA-TX,,,East Texas Open,65,2025
572,USAPL,2025-05-11,USA-MA,,,New England Open,42,2025
573,USAPL,2025-05-10,USA-PA,,,Philadelphia Freedom Championship,23,2025
574,USAPL,2025-05-10,USA-VA,,,Virginia Mayhem,58,2025
575,USAPL,2025-05-10,USA-TN,,,P3 Golden Era,29,2025
576,USAPL,2025-05-10,USA-IL,,,Battle at the Barn,16,2025
577,USAPL,2025-05-10,USA-AZ,,,Route 66 Classic,41,2025
578,USAPL,2025-05-10,USA-NC,,,Gate City Classic,41,2025
579,USAPL,2025-05-04,USA-WA,,,Emerald Championship Cup,13,2025
580,USAPL,2025-05-04,Hong Kong,,,Powerhouse Showdown,50,2025
581,USAPL,2025-05-04,USA-NJ,,,Adelante Classic,39,2025
582,USAPL,2025-05-04,USA-IN,,,It's Gonna Be May,58,2025
583,USAPL,2025-05-03,USA-CA,,,Central California Open,13,2025
584,USAPL,2025-05-03,USA-WV,,,Appalachian Iron Open,22,2025
585,USAPL,2025-05-03,USA-WY,,,Wyoming Open,53,2025
586,USAPL,2025-05-03,USA-WI,,,Midwest Power Open,28,2025
587,USAPL,2025-05-03,USA-CO,,,Branch Warren Classic - Denver,56,2025
588,USAPL,2025-05-03,USA-SC,,,Ladies of Steel,42,2025
589,USAPL,2025-05-03,USA-CA,,,Cinco De Kilos,62,2025
590,USAPL,2025-05-03,USA-TX,,,Gameday Force Awakens,30,2025
591,USAPL,2025-05-03,USA-WA,,,Emerald Team Cup,27,2025
592,USAPL,2025-05-03,USA-TN,,,Master's Invitational,102,2025
593,USAPL,2025-04-26,USA-TX,,,5th Annual Heart of Texas,36,2025
594,USAPL,2025-04-26,USA-MA,,,Massachusetts Spring Classic,47,2025
595,USAPL,2025-04-26,USA-FL,,,Greed Island Showdown II,34,2025
596,USAPL,2025-04-26,USA-MO,,,Barbell Games,51,2025
597,USAPL,2025-04-26,USA-NY,,,SBWC Spring Classic,49,2025
598,USAPL,2025-04-26,USA-PA,,,Pennsylvania State Championship,106,2025
599,USAPL,2025-04-26,USA-MN,,,War of the Valkyries,25,2025
600,USAPL,2025-04-26,USA-MN,,,Masters Brawl,23,2025
601,USAPL,2025-04-26,USA-CA,,,Barbell Brigade Spring Challenge,38,2025
602,USAPL,2025-04-26,USA-CO,,,Steel City Classic,24,2025
603,USAPL,2025-04-26,USA-GA,,,Savannah Spring Classic,42,2025
604,USAPL,2025-04-26,USA-IN,,,Renegade Classic,51,2025
605,USAPL,2025-04-19,USA-FL,,,Tampa Bay Open,100,2025
606,USAPL,2025-04-19,USA-NY,,,Warwick Barbell Bash,40,2025
607,USAPL,2025-04-19,USA-TX,,,Concha Classic,58,2025
608,USAPL,2025-04-19,USA-OK,,,Brewhouse Open,28,2025
609,USAPL,2025-04-19,USA-WA,,,Empire Classic,119,2025
610,USAPL,2025-04-19,USA-CT,,,Gonzo Barbell Bash,29,2025
611,USAPL,2025-04-13,USA-MA,,,Titan Barbell Open,64,2025
612,USAPL,2025-04-13,USA-HI,,,Hawai'i State Championships,64,2025
613,USAPL,2025-04-12,USA-MI,,,Collegiate Jungle Clash,55,2025
614,USAPL,2025-04-12,USA-TX,,,High School & Youth State Championships,52,2025
615,USAPL,2025-04-12,USA-FL,,,Swamp CIty Classic,43,2025
616,USAPL,2025-04-12,USA-PA,,,Avengers Spring Classic III,22,2025
617,USAPL,2025-04-12,USA-NC,,,North Carolina State Championships,131,2025
618,USAPL,2025-04-12,USA-WI,,,Appleton Assault Open,50,2025
619,USAPL,2025-04-12,USA-PA,,,Pittsburgh Spring Classic,50,2025
620,USAPL,2025-04-12,USA-MD,,,Bar's Loaded 2,29,2025
621,USAPL,2025-04-12,USA-CA,,,Exceed Full Send Classic III,37,2025
622,USAPL,2025-04-12,USA-CT,,,Timberhead Barbell Strike,58,2025
623,USAPL,2025-04-12,USA-TN,,,River City Showdown,33,2025
624,USAPL,2025-04-12,USA-VA,,,Pretty Good Meet,35,2025
625,USAPL,2025-04-12,USA-CA,,,JC Spring Fling,21,2025
626,USAPL,2025-04-12,USA-VT,,,Vermont State Championships,20,2025
627,USAPL,2025-04-12,USA-NE,,,CUNE Collegiate powerlifting meet,28,2025
628,USAPL,2025-04-11,USA-NJ,,,New Jersey State Championship,177,2025
629,USAPL,2025-04-05,South Korea,,,KING OF BUSAN,83,2025
630,USAPL,2025-04-05,USA-WI,,,Franck's Powerfest,24,2025
631,USAPL,2025-04-05,USA-PA,,,Wooder Ice Classic,12,2025
632,USAPL,2025-04-03,USA-OK,,,Collegiate Nationals,1145,2025
633,USAPL,2025-03-29,USA-MD,,,Hometown Spring Surge,27,2025
634,USAPL,2025-03-29,USA-ME,,,Maine State Championship,49,2025
635,USAPL,2025-03-29,USA-CA,,,Hidden Strength Spring Brawl,43,2025
636,USAPL,2025-03-29,USA-FL,,,9th Annual Capital City Barbell Championship,37,2025
637,USAPL,2025-03-29,USA-CO,,,Reign of Iron,55,2025
638,USAPL,2025-03-29,USA-MO,,,Missouri State Championship and Primetime,101,2025
639,USAPL,2025-03-29,USA-NY,,,Rocky Rumble III,42,2025
640,USAPL,2025-03-29,USA-NY,,,East Ave Spring Iron,40,2025
641,USAPL,2025-03-29,USA-UT,,,Utah State Championship,44,2025
642,USAPL,2025-03-23,USA-MA,,,River Hawk Rumble,39,2025
643,USAPL,2025-03-23,USA-VA,,,Virginia State Championships,79,2025
644,USAPL,2025-03-22,USA-OR,,,Oregon State Championships,57,2025
645,USAPL,2025-03-21,Hong Kong,,,Judgement Day,54,2025
646,USAPL,2025-03-20,USA-WI,,,High School Nationals,775,2025
647,USAPL,2025-03-16,USA-NV,,,Nevada State Championship,56,2025
648,USAPL,2025-03-15,USA-WI,,,Rumble At The Ranch,26,2025
649,USAPL,2025-03-15,USA-CA,,,SoCal Showdown 4,55,2025
650,USAPL,2025-03-15,USA-NE,,,OneUp Shamrock Classic,30,2025
651,USAPL,2025-03-15,USA-CT,,,Connecticut State Championships,79,2025
652,USAPL,2025-03-15,USA-MI,,,Full Send,62,2025
653,USAPL,2025-03-15,USA-MN,,,Iron Ice Novice Classic,40,2025
654,USAPL,2025-03-15,USA-GA,,,Military Police & Firefighter National Championship,67,2025
655,USAPL,2025-03-15,USA-NY,,,New York State Championships,210,2025
656,USAPL,2025-03-15,USA-NY,,,New York State Championships - Primetime,29,2025
657,USAPL,2025-03-15,USA-AK,,,St Pattys Power,14,2025
658,USAPL,2025-03-15,USA-AZ,,,Arizona State Championships,66,2025
659,USAPL,2025-03-15,USA-CA,,,Make Your Own Luck Open,66,2025
660,USAPL,2025-03-15,USA-IL,,,Illinois State Championships,64,2025
661,USAPL,2025-03-15,USA-NH,,,New Hampshire State Champsionships,45,2025
662,USAPL,2025-03-09,USA-FL,,,BBC March Madness,26,2025
663,USAPL,2025-03-09,USA-NJ,,,Resurgence Open,48,2025
664,USAPL,2025-03-09,USA-MA,,,15th Annual Ryan Moore High School New England State Championships,100,2025
665,USAPL,2025-03-09,USA-TX,,,TBS Rookie Roundup II,23,2025
666,USAPL,2025-03-09,USA-WI,,,Madness Open,10,2025
667,USAPL,2025-03-08,USA-NM,,,New Mexico Open,34,2025
668,USAPL,2025-03-08,USA-VA,,,Shamrock Showdown,32,2025
669,USAPL,2025-03-08,USA-PA,,,USA Powerlifting DCF End Game,24,2025
670,USAPL,2025-03-08,USA-CA,,,Valkyrie Open,18,2025
671,USAPL,2025-03-08,USA-SC,,,Sodatown Showdown,44,2025
672,USAPL,2025-03-08,USA-TX,,,TBS Rodeo Open II,31,2025
673,USAPL,2025-03-02,USA-OH,,,Arnold - Bench Bash,36,2025
674,USAPL,2025-03-02,USA-OH,,,Arnold - Equipped Grand Prix,15,2025
675,USAPL,2025-03-01,USA-FL,,,Central Florida Open,66,2025
676,USAPL,2025-03-01,USA-OH,,,Arnold - Male Raw Challenge,36,2025
677,USAPL,2025-03-01,USA-PA,,,StrongHER Showdown,21,2025
678,USAPL,2025-03-01,USA-IL,,,Rise Performance Open,27,2025
679,USAPL,2025-03-01,USA-NC,,,Masters of Mayhem,33,2025
680,USAPL,2025-03-01,USA-TX,,,Texas Strength Classic,41,2025
681,USAPL,2025-03-01,USA-OH,,,Arnold - Female Raw Challenge,26,2025
682,USAPL,2025-02-28,USA-OH,,,Arnold - Masters Bench Bash,39,2025
683,USAPL,2025-02-28,USA-OH,,,Arnold - Masters Raw Challenge,58,2025
684,USAPL,2025-02-23,USA-MA,,,Dead of Winter Open,44,2025
685,USAPL,2025-02-22,USA-LA,,,4th Annual Capital City Classic,16,2025
686,USAPL,2025-02-22,South Korea,,,Korea Iron Souls III,44,2025
687,USAPL,2025-02-22,USA-CA,,,California State Championships,126,2025
688,USAPL,2025-02-22,USA-CO,,,Colorado State Championships,143,2025
689,USAPL,2025-02-22,USA-NY,,,Rookie Ruckus 3,58,2025
690,USAPL,2025-02-22,USA-TX,,,White Lights Open,69,2025
691,USAPL,2025-02-22,USA-IL,,,Frozen Iron Classic,38,2025
692,USAPL,2025-02-22,USA-VA,,,Virginia Ice Storm,39,2025
693,USAPL,2025-02-22,USA-NY,,,February Iron Clash,48,2025
694,USAPL,2025-02-22,USA-OR,,,Collegiate Qualifiers,22,2025
695,USAPL,2025-02-16,USA-NJ,,,Garden State Winter War,51,2025
696,USAPL,2025-02-16,USA-OK,,,Oklahoma State Championships,47,2025
697,USAPL,2025-02-15,USA-MD,,,Maryland State Championships,66,2025
698,USAPL,2025-02-15,USA-CA,,,Hearbreaker Open,45,2025
699,USAPL,2025-02-15,USA-NY,,,Mustache Mayhem,26,2025
700,USAPL,2025-02-15,USA-IA,,,Iowa State Open,76,2025
701,USAPL,2025-02-15,USA-TX,,,Winter Wrecker,23,2025
702,USAPL,2025-02-09,USA-WI,,,Golden Eagle Teen Qualifier,18,2025
703,USAPL,2025-02-09,USA-NH,,,Husky Classic,43,2025
704,USAPL,2025-02-09,USA-MN,,,Minnesota State Youth Teen and High School Championships,54,2025
705,USAPL,2025-02-09,USA-FL,,,Ghost Strong Miami Open 2,36,2025
706,USAPL,2025-02-08,USA-NC,,,Oak City Open,65,2025
707,USAPL,2025-02-08,USA-WA,,,Evergreen State Showdown,59,2025
708,USAPL,2025-02-08,USA-WI,,,Val-Lift-Time Open,72,2025
709,USAPL,2025-02-08,USA-WY,,,Wyoming State Championships,59,2025
710,USAPL,2025-02-08,USA-PA,,,Liberty Bell Classic,21,2025
711,USAPL,2025-02-08,USA-GA,,,Georgia States PRIMETIME,23,2025
712,USAPL,2025-02-08,USA-IL,,,Midwest Collegiate Cup,135,2025
713,USAPL,2025-02-08,USA-VA,,,Virginia Winter Open,21,2025
714,USAPL,2025-02-08,USA-LA,,,Southern Collegiate Cup,79,2025
715,USAPL,2025-02-07,USA-GA,,,Georgia State Championships,220,2025
716,USAPL,2025-02-02,USA-MA,,,Boston Open,57,2025
717,USAPL,2025-02-02,USA-CA,,,Meat Day,36,2025
718,USAPL,2025-02-01,USA-MA,,,Wolfpack High School Open,60,2025
719,USAPL,2025-02-01,USA-KS,,,Friends Open,40,2025
720,USAPL,2025-02-01,USA-UT,,,Aggie Strength Showdown,8,2025
721,USAPL,2025-02-01,USA-WA,,,Vancouver 'Rookie' Competition,37,2025
722,USAPL,2025-02-01,USA-AL,,,Alabama State Championships,73,2025
723,USAPL,2025-02-01,USA-MD,,,All Academy Cup,49,2025
724,USAPL,2025-02-01,USA-TX,,,Aggie Showdown,74,2025
725,USAPL,2025-01-26,USA-CA,,,Spartan Snowstorm,11,2025
726,USAPL,2025-01-25,USA-HI,,,Lokahi Open,66,2025
727,USAPL,2025-01-25,USA-AR,,,Arkansas State Championships,35,2025
728,USAPL,2025-01-25,USA-CA,,,Oakland Max Out,38,2025
729,USAPL,2025-01-25,USA-IL,,,West Loop Winter Classic,44,2025
730,USAPL,2025-01-25,USA-NE,,,Nebraska State Championship,118,2025
731,USAPL,2025-01-25,USA-NV,,,Stimulus Winter Warriors,19,2025
732,USAPL,2025-01-25,USA-PA,,,Keystone Cup,47,2025
733,USAPL,2025-01-25,USA-KS,,,Kansas State Championships,56,2025
734,USAPL,2025-01-25,USA-SC,,,Rookie Rampage,44,2025
735,USAPL,2025-01-18,USA-WI,,,Wisconsin State Championships,70,2025
736,USAPL,2025-01-18,USA-PA,,,DCF Philly January Jawn,26,2025
737,USAPL,2025-01-18,USA-TX,,,Texas State Championships,143,2025
738,USAPL,2025-01-18,USA-CA,,,STS Winter Wars,97,2025
739,USAPL,2025-01-18,USA-MA,,,11th Annual St. John's High School Classic,65,2025
740,USAPL,2025-01-18,USA-MA,,,Worcester Open,25,2025
741,USAPL,2025-01-18,USA-IN,,,Indiana State Championship,87,2025
742,USAPL,2025-01-18,USA-MI,,,Michigan High School & Collegiate Open,46,2025
743,USAPL,2025-01-18,South Korea,,,Valkyrie Returns,26,2025
744,USAPL,2025-01-18,USA-MS,,,Mississippi State Championship,20,2025
745,USAPL,2025-01-18,USA-VA,,,RVA Iron Classic,36,2025
746,USAPL,2025-01-18,USA-OH,,,New Year Open,75,2025
747,USAPL,2025-01-11,USA-PA,,,Pittsburgh Winter Classic,34,2025
748,USAPL,2025-01-11,USA-LA,,,Louisiana State Championship,24,2025
749,USAPL,2025-01-11,USA-MN,,,Minnesota Junior Open and Master State Championships,52,2025
750,USAPL,2025-01-11,USA-PA,,,Rookie Brawl,40,2025
751,USAPL,2025-01-11,USA-NJ,,,New Jersey High School and Youth State Championship,58,2025
752,USAPL,2025-01-11,USA-NY,,,SBWC Winter Classic,42,2025
753,USAPL,2025-01-11,USA-SC,,,Uncle Sam's Winter Classic,21,2025
754,USAPL,2025-01-11,USA-TX,,,Winter Games of Texas,44,2025
755,USAPL,2025-01-04,Vietnam,,,Reborn from the Ashes,75,2025
756,USAPL,2025-01-04,USA-AZ,,,Southern Arizona Showdown,24,2025
757,USAPL,2025-01-04,USA-TN,,,Tennessee State Championship,17,2025
758,USAPL,2025-01-04,USA-NH,,,Odyssey Barbell Winter Open,50,2025
759,USAPL,2025-01-04,USA-TX,,,Pinnacle Strength Summit,69,2025
760,USAPL,2024-12-26,Israel,,,Israel Hanukkah Championship,25,2024
761,USAPL,2024-12-22,USA-NJ,,,Mid Atlantic Collegiate Championship,46,2024
762,USAPL,2024-12-22,USA-TX,,,Rookies and OGs,42,2024
763,USAPL,2024-12-21,USA-CA,,,Barbell Brigade Winter Finale,69,2024
764,USAPL,2024-12-21,USA-TX,,,Snap Fitness Classic,21,2024
765,USAPL,2024-12-21,USA-TX,,,Cougar Classic,68,2024
766,USAPL,2024-12-21,USA-CA,,,OC's Finest,54,2024
767,USAPL,2024-12-21,USA-TX,,,Klash at Kingdom Vol II,38,2024
768,USAPL,2024-12-21,USA-WI,,,Liftmas Open,71,2024
769,USAPL,2024-12-15,Australia,,,Teen and Academic Games,21,2024
770,USAPL,2024-12-15,South Korea,,,Korea TITANS,40,2024
771,USAPL,2024-12-14,USA-CO,,,Krampus is coming to Town Vol. 3,57,2024
772,USAPL,2024-12-14,USA-RI,,,Rhode Island State Championships,45,2024
773,USAPL,2024-12-14,USA-NY,,,Intrepid Classic,59,2024
774,USAPL,2024-12-14,USA-NE,,,Lexington High School Open,36,2024
775,USAPL,2024-12-14,USA-MD,,,Iron & Ice,21,2024
776,USAPL,2024-12-14,USA-TX,,,Pro Series Finals,64,2024
777,USAPL,2024-12-14,USA-PA,,,Winter War,52,2024
778,USAPL,2024-12-14,South Korea,,,TEAM TITANS Championship,20,2024
779,USAPL,2024-12-14,USA-CA,,,Merry Liftmas,13,2024
780,USAPL,2024-12-08,USA-NJ,,,Adelante Winter Heat,33,2024
781,USAPL,2024-12-08,USA-GA,,,TruBorn Rookie Rally,41,2024
782,USAPL,2024-12-08,USA-IN,,,Winter Eclipse,69,2024
783,USAPL,2024-12-08,USA-VA,,,Winter Wrecker,177,2024
784,USAPL,2024-12-08,USA-MA,,,Titan Tundra,58,2024
785,USAPL,2024-12-07,USA-ME,,,Carrie Boudreau Big Pullooza IV,32,2024
786,USAPL,2024-12-07,USA-GA,,,Holiday Havoc,49,2024
787,USAPL,2024-12-07,USA-NV,,,Just Fight Classic,66,2024
788,USAPL,2024-12-07,USA-NY,,,Dig Deep rookie/novice Showcase 3,42,2024
789,USAPL,2024-12-07,USA-NY,,,Long Island Winter Showdown,64,2024
790,USAPL,2024-12-07,USA-TX,,,Texas Open,94,2024
791,USAPL,2024-12-07,USA-PA,,,Philadelphia Love Championship,27,2024
792,USAPL,2024-12-07,USA-TX,,,Southern Collegiate Cup Series,80,2024
793,USAPL,2024-12-07,USA-ID,,,Idaho State Championships,27,2024
794,USAPL,2024-12-07,USA-MO,,,Ready Lifter 1,53,2024
795,USAPL,2024-12-07,USA-WI,,,The Northswole Open,46,2024
796,USAPL,2024-12-07,USA-LA,,,Strong Hawk Invitational,65,2024
797,USAPL,2024-12-07,USA-WV,,,Mountain Strong Classic,30,2024
798,USAPL,2024-12-07,USA-WA,,,22nd Annual Team Phoinix Holiday Classic,74,2024
799,USAPL,2024-12-07,USA-FL,,,South Florida Showdown,66,2024
800,USAPL,2024-12-07,USA-FL,,,Greed Island Winter Saga,14,2024
801,USAPL,2024-12-01,USA-GU,,,Island Strength Classic,54,2024
802,USAPL,2024-11-30,Australia,,,MVMT Spring Showdown,26,2024
803,USAPL,2024-11-23,USA-CA,,,Omni Fallout,88,2024
804,USAPL,2024-11-23,USA-SD,,,Sioux Empire Open,28,2024
805,USAPL,2024-11-23,USA-MA,,,Massachusetts State Championships,188,2024
806,USAPL,2024-11-23,USA-MD,,,Baltimore Liftsgiving,23,2024
807,USAPL,2024-11-23,Hong Kong,,,Hong Kong Championships,84,2024
808,USAPL,2024-11-23,USA-WI,,,Eau Claire Open,35,2024
809,USAPL,2024-11-23,USA-WY,,,Casper Chill,45,2024
810,USAPL,2024-11-23,USA-NE,,,Central Collegiate Cup Series,99,2024
811,USAPL,2024-11-23,USA-NY,,,Sincere Training Systems Classic III,98,2024
812,USAPL,2024-11-23,USA-OH,,,Ohio State Championship,124,2024
813,USAPL,2024-11-23,USA-PA,,,Whiz Wit Classic,22,2024
814,USAPL,2024-11-23,USA-CA,,,Bay Area Barbell's Liftsgiving,74,2024
815,USAPL,2024-11-23,Australia,,,Avia Performance Spring Open IV,42,2024
816,USAPL,2024-11-23,USA-TX,,,Texas Collegiate State Championships,200,2024
817,USAPL,2024-11-17,USA-NJ,,,New Jersey Iron Gobbler,54,2024
818,USAPL,2024-11-17,USA-CA,,,California High School Open,15,2024
819,USAPL,2024-11-17,USA-TN,,,Tennessee State Championship,44,2024
820,USAPL,2024-11-17,USA-VA,,,Virginia Commonwealth Cup,87,2024
821,USAPL,2024-11-17,USA-FL,,,Florida State Championship,73,2024
822,USAPL,2024-11-16,USA-TX,,,Piney Woods Open,42,2024
823,USAPL,2024-11-16,USA-IN,,,Collegiate Crossroads,118,2024
824,USAPL,2024-11-16,USA-TX,,,Brawl in the Falls,53,2024
825,USAPL,2024-11-16,USA-IL,,,Surge Classic,103,2024
826,USAPL,2024-11-16,South Korea,,,Korea Show & Prove,37,2024
827,USAPL,2024-11-16,USA-WI,,,Gainsgiving,32,2024
828,USAPL,2024-11-16,USA-NY,,,Squats & Science Fall Brawl,102,2024
829,USAPL,2024-11-16,USA-TX,,,Hook Em Strength Showdown,18,2024
830,USAPL,2024-11-16,USA-OK,,,Brewhouse Brawl,69,2024
831,USAPL,2024-11-16,USA-UT,,,ATS Classic,34,2024
832,USAPL,2024-11-16,USA-PA,,,Pittsburgh Fall Classic,42,2024
833,USAPL,2024-11-16,USA-HI,,,Ukiyo - Shawn Ray Bench & Deadlift Classic,15,2024
834,USAPL,2024-11-16,USA-FL,,,Florida State Collegiate Championship,166,2024
835,USAPL,2024-11-16,USA-CA,,,California Collegiate Cup Series,21,2024
836,USAPL,2024-11-16,USA-GA,,,Southeast Collegiate Cup,105,2024
837,USAPL,2024-11-10,USA-MN,,,Roseville Rumble,40,2024
838,USAPL,2024-11-09,USA-TX,,,RGV Fall Classic,40,2024
839,USAPL,2024-11-09,USA-MA,,,New England Rookie Collegiate Cup,51,2024
840,USAPL,2024-11-09,USA-IN,,,Welcome to Strong,24,2024
841,USAPL,2024-11-09,USA-NM,,,New Mexico State Championships,64,2024
842,USAPL,2024-11-09,USA-NY,,,Strong Island Open,48,2024
843,USAPL,2024-11-09,USA-NY,,,Ivy League Cup,73,2024
844,USAPL,2024-11-09,USA-CA,,,Thanksgiving Throwdown,105,2024
845,USAPL,2024-11-09,USA-OH,,,Beginner's Brawl,90,2024
846,USAPL,2024-11-09,USA-PA,,,Far Beyond Driven Showdown,48,2024
847,USAPL,2024-11-09,USA-MD,,,Naval Academy Veterans Day Classic,16,2024
848,USAPL,2024-11-09,USA-SC,,,South Carolina State Championship,86,2024
849,USAPL,2024-11-09,USA-MO,,,William Jewell Invite,107,2024
850,USAPL,2024-11-09,USA-TX,,,TBS Houston Lift-Off,67,2024
851,USAPL,2024-11-09,USA-VA,,,Virginia Open State Championships,90,2024
852,USAPL,2024-11-03,USA-FL,,,Ghost Fall Fest 2,48,2024
853,USAPL,2024-11-02,USA-WY,,,Dia de los Deadlifts,17,2024
854,USAPL,2024-11-02,USA-TX,,,Alamo City Rookie Rumble,51,2024
855,USAPL,2024-11-02,USA-PA,,,Pittsburgh Collegiate Cup,61,2024
856,USAPL,2024-11-02,USA-CA,,,California State Championship,103,2024
857,USAPL,2024-11-02,USA-TX,,,6th Annual Winter War,42,2024
858,USAPL,2024-11-02,USA-AZ,,,Arizona Fall Classic,78,2024
859,USAPL,2024-11-02,USA-CO,,,Terror on the Platform,124,2024
860,USAPL,2024-11-02,USA-FL,,,Rookie Rumble III Open,22,2024
861,USAPL,2024-11-02,USA-MI,,,Michigan State Championships,148,2024
862,USAPL,2024-11-02,USA-GA,,,Savannah Coastal Clash,70,2024
863,USAPL,2024-11-02,USA-WI,,,Feastmode Open,20,2024
864,USAPL,2024-11-02,USA-NC,,,Fall Festival of Power,82,2024
865,USAPL,2024-10-27,USA-IN,,,Bench for Breast Cancer,21,2024
866,USAPL,2024-10-27,USA-CT,,,Titanium Strength Rock n Roll Classic,40,2024
867,USAPL,2024-10-26,USA-CA,,,Hidden Strength Showdown,85,2024
868,USAPL,2024-10-26,USA-WI,,,Freak Fest,33,2024
869,USAPL,2024-10-26,Australia,,,Australian Open & Masters Nationals,139,2024
870,USAPL,2024-10-26,USA-TX,,,TSS H-Town Showdown,104,2024
871,USAPL,2024-10-26,USA-MD,,,Maryland Showdown,50,2024
872,USAPL,2024-10-26,USA-NY,,,RIT Tiger Classic,20,2024
873,USAPL,2024-10-26,USA-NY,,,SBWC Fall Classic,97,2024
874,USAPL,2024-10-26,USA-PA,,,Philadelphia Fall Showdown,11,2024
875,USAPL,2024-10-26,USA-LA,,,Night of the Living Deadlift,26,2024
876,USAPL,2024-10-26,USA-MN,,,Monsters Bash,86,2024
877,USAPL,2024-10-26,USA-KS,,,Fall Brawl,30,2024
878,USAPL,2024-10-20,England,,,Bench Press World Cup,40,2024
879,USAPL,2024-10-19,USA-MA,,,USA Powerlifting Carnage at the Colosseum,52,2024
880,USAPL,2024-10-19,USA-AK,,,Alaska Fall Classic,10,2024
881,USAPL,2024-10-19,USA-SC,,,The Life of Strength,38,2024
882,USAPL,2024-10-19,USA-OR,,,Oregon Open,69,2024
883,USAPL,2024-10-19,USA-CA,,,STS Sunset Showdown,54,2024
884,USAPL,2024-10-19,USA-IL,,,Bearcat Classic,69,2024
885,USAPL,2024-10-19,USA-TX,,,Gameday Anniversary,29,2024
886,USAPL,2024-10-19,USA-CA,,,Third Street Barbell,45,2024
887,USAPL,2024-10-19,USA-GA,,,Georgia State Bench Press Championships,36,2024
888,USAPL,2024-10-19,USA-GA,,,Day of the Deads,43,2024
889,USAPL,2024-10-19,USA-TX,,,4th Annual Push/Pull for Pink,9,2024
890,USAPL,2024-10-13,USA-NJ,,,Nex Level Championship,57,2024
891,USAPL,2024-10-13,USA-FL,,,Superhero Open,30,2024
892,USAPL,2024-10-12,USA-NE,,,Strong Husker Powerlifting,56,2024
893,USAPL,2024-10-12,Netherlands,,,The Dutch Titans NK,24,2024
894,USAPL,2024-10-12,USA-TX,,,West Texas Open 6,32,2024
895,USAPL,2024-10-12,USA-NY,,,Stay In Your Lane,23,2024
896,USAPL,2024-10-12,USA-NC,,,Raleighwood Rumble,81,2024
897,USAPL,2024-10-12,USA-MT,,,Montana State Championships,46,2024
898,USAPL,2024-10-12,USA-NH,,,Odyssey Barbell Club Primetime Classic,77,2024
899,USAPL,2024-10-11,USA-NV,,,Olympia,57,2024
900,USAPL,2024-10-06,USA-NJ,,,Resurgence Autumn Classic,48,2024
901,USAPL,2024-10-06,USA-NY,,,Clunan Classic,23,2024
902,USAPL,2024-10-05,USA-WI,,,Jacked O'Lantern Open,29,2024
903,USAPL,2024-10-05,South Korea,,,Korea LIMITBREAKERS,77,2024
904,USAPL,2024-10-05,USA-CA,,,Knight Mare Classic,62,2024
905,USAPL,2024-10-05,USA-CO,,,Metal Mayhem,35,2024
906,USAPL,2024-10-05,USA-GA,,,Boro Battle,15,2024
907,USAPL,2024-10-05,USA-HI,,,Honolulu Night Lift,66,2024
908,USAPL,2024-10-05,USA-MO,,,Missouri River Open,81,2024
909,USAPL,2024-10-05,USA-PA,,,Pennsylvania Primetime,67,2024
910,USAPL,2024-10-05,USA-PA,,,Avengers Monsters Smash III,26,2024
911,USAPL,2024-10-05,USA-VA,,,Chaos Open,27,2024
912,USAPL,2024-10-05,USA-WA,,,Washington State Championship,172,2024
913,USAPL,2024-09-29,Mexico,,,El Grand Slam,15,2024
914,USAPL,2024-09-29,USA-MO,,,Cardinal and Viking Dual,50,2024
915,USAPL,2024-09-28,USA-CT,,,Summer Showdown,10,2024
916,USAPL,2024-09-28,USA-WI,,,Northwoods Showdown 3,32,2024
917,USAPL,2024-09-28,USA-MD,,,Maryland State Championships,48,2024
918,USAPL,2024-09-28,USA-PA,,,Philly Special,25,2024
919,USAPL,2024-09-28,USA-TX,,,Castle Barbell Iron Gambit,51,2024
920,USAPL,2024-09-28,USA-TX,,,Iron Wars,58,2024
921,USAPL,2024-09-22,USA-MA,,,No Frills Classic,34,2024
922,USAPL,2024-09-22,USA-NJ,,,Heavy Metal Classic,54,2024
923,USAPL,2024-09-21,USA-TX,,,POD Fall Break,10,2024
924,USAPL,2024-09-21,Australia,,,Australian Junior Nationals,82,2024
925,USAPL,2024-09-21,USA-IL,,,Gonzo Barbell Bash,36,2024
926,USAPL,2024-09-21,USA-NY,,,Mayhem at the Mill,37,2024
927,USAPL,2024-09-21,USA-MI,,,Panther Showdown,78,2024
928,USAPL,2024-09-21,USA-AR,,,Arkansas State Championships,27,2024
929,USAPL,2024-09-21,USA-GA,,,Lifting the House,38,2024
930,USAPL,2024-09-21,USA-VA,,,Battle at Bull Run,53,2024
931,USAPL,2024-09-21,USA-WI,,,Stars And Stripes Open,14,2024
932,USAPL,2024-09-15,USA-IN,,,Indiana Fall Brawl,51,2024
933,USAPL,2024-09-14,England,,,September Session,20,2024
934,USAPL,2024-09-14,USA-NE,,,Oneup Barbell Bash,17,2024
935,USAPL,2024-09-14,USA-WA,,,Spokane Rookie Competition,51,2024
936,USAPL,2024-09-07,USA-MD,,,Maryland State Bench & Deadlift Championships,30,2024
937,USAPL,2024-09-07,Australia,,,Strength Culture Cup 5,9,2024
938,USAPL,2024-09-05,USA-UT,,,Raw Nationals,861,2024
939,USAPL,2024-09-01,USA-NV,,,Poker Face 2,32,2024
940,USAPL,2024-08-31,USA-OH,,,Ohio Summer Showdown,32,2024
941,USAPL,2024-08-31,USA-NY,,,Rochester Rumble VI,46,2024
942,USAPL,2024-08-31,USA-MO,,,Ozark Mountain Classic,19,2024
943,USAPL,2024-08-25,Australia,,,Apex Strong Open III,11,2024
944,USAPL,2024-08-24,USA-TX,,,North Texas Open,80,2024
945,USAPL,2024-08-24,USA-CA,,,Heavy Metal Open,39,2024
946,USAPL,2024-08-24,Hong Kong,,,Final Countdown,85,2024
947,USAPL,2024-08-24,USA-PA,,,Summer Showdown,42,2024
948,USAPL,2024-08-24,South Korea,,,Korea Nationals,80,2024
949,USAPL,2024-08-24,USA-TX,,,Battle at the Border,26,2024
950,USAPL,2024-08-24,USA-WA,,,Summer End,53,2024
951,USAPL,2024-08-24,USA-CT,,,Dennis Gleason Memorial,74,2024
952,USAPL,2024-08-24,USA-VA,,,Virginia Heat,25,2024
953,USAPL,2024-08-17,USA-PA,,,Mighty Mick's Classic,29,2024
954,USAPL,2024-08-17,USA-TX,,,Youth & High School Open,24,2024
955,USAPL,2024-08-17,USA-WA,,,Washington State High School Showdown,28,2024
956,USAPL,2024-08-17,USA-TX,,,The Rise of Species,22,2024
957,USAPL,2024-08-17,USA-CA,,,Summer Sizzle,23,2024
958,USAPL,2024-08-17,USA-WI,,,Inferno Open,44,2024
959,USAPL,2024-08-11,USA-FL,,,X Ghost Florida's Strongest,59,2024
960,USAPL,2024-08-10,USA-NC,,,Lioness Arise,27,2024
961,USAPL,2024-08-10,USA-NY,,,Mulch Making Rookie Madness 2,38,2024
962,USAPL,2024-08-10,USA-GA,,,TruBorn Knockout,110,2024
963,USAPL,2024-08-10,USA-SC,,,Palmetto Classic,71,2024
964,USAPL,2024-08-10,USA-VA,,,Mini Novice Open,45,2024
965,USAPL,2024-08-03,USA-MO,,,Pony Express Barbender,27,2024
966,USAPL,2024-08-03,USA-OK,,,Iron Sharpens Iron Oklahoma,38,2024
967,USAPL,2024-08-03,USA-IN,,,Eclipse Classic,42,2024
968,USAPL,2024-08-03,USA-AZ,,,Arizona Summer Sizzle,62,2024
969,USAPL,2024-08-03,USA-CA,,,Summer Clash,54,2024
970,USAPL,2024-08-03,USA-TX,,,Waco War II,39,2024
971,USAPL,2024-08-03,USA-MA,,,Urban Powerhouse Open,54,2024
972,USAPL,2024-08-03,USA-WI,,,Central Wisconsin Open,45,2024
973,USAPL,2024-07-27,USA-LA,,,Southern Regional Championship,97,2024
974,USAPL,2024-07-27,USA-FL,,,Florida Man Classic II,40,2024
975,USAPL,2024-07-27,USA-NC,,,Battleship Open,41,2024
976,USAPL,2024-07-27,USA-TX,,,TBS Deep in the Heat,19,2024
977,USAPL,2024-07-27,USA-NY,,,Iron Beast Brawl,48,2024
978,USAPL,2024-07-27,USA-ID,,,Iron Inferno,21,2024
979,USAPL,2024-07-27,USA-IA,,,22nd Street Barbell Classic,19,2024
980,USAPL,2024-07-27,USA-CA,,,Summer Open,65,2024
981,USAPL,2024-07-27,USA-NY,,,Sport of Iron 4,21,2024
982,USAPL,2024-07-27,USA-CA,,,Jacked Culture Summer Showdown,16,2024
983,USAPL,2024-07-27,USA-WI,,,Liftmas In July,31,2024
984,USAPL,2024-07-27,USA-NM,,,Santa Fe Show of Strength,58,2024
985,USAPL,2024-07-27,England,,,Northern Qualifier,10,2024
986,USAPL,2024-07-27,Australia,,,Paragon Open VI,30,2024
987,USAPL,2024-07-27,USA-MD,,,Women of Power,27,2024
988,USAPL,2024-07-21,USA-TX,,,Summer Fire Fighter Games,18,2024
989,USAPL,2024-07-20,USA-OH,,,Beyond Limits Women's Classic,31,2024
990,USAPL,2024-07-20,USA-NE,,,Cornhusker State Games,138,2024
991,USAPL,2024-07-20,USA-IL,,,Teen Titan and Open,27,2024
992,USAPL,2024-07-20,USA-CA,,,SoCal Summer Smash,82,2024
993,USAPL,2024-07-20,USA-WY,,,GRSF Iron Triathlon,20,2024
994,USAPL,2024-07-20,USA-VT,,,Summer Sizzle,7,2024
995,USAPL,2024-07-20,USA-PA,,,All About The Benjamins Classic,26,2024
996,USAPL,2024-07-20,USA-WI,,,920 PowerClub Barbell Bash,22,2024
997,USAPL,2024-07-20,USA-HI,,,Hawai'i State Championships,81,2024
998,USAPL,2024-07-20,USA-VA,,,C4 Strength Summit,42,2024
999,USAPL,2024-07-20,USA-MI,,,Tournament of Power,67,2024
1000,USAPL,2024-07-20,USA-IL,,,Iron Luau,65,2024
1001,USPA,2026-08-15,USA-FL,,,Open Florida State Championship,34,2026
1002,USPA,2026-08-15,USA-LA,,,Open Louisiana State Championship,20,2026
1003,USPA,2026-08-15,USA-LA,,,Tested Louisiana State Championship,40,2026
1004,USPA,2026-08-15,USA-TX,,,Tested Clash of the Goons 2,32,2026
1005,USPA,2026-08-15,USA-CA,,,Tested STS Classic,30,2026
1006,USPA,2026-08-15,USA-NV,,,Tested Nevada State Championship,25,2026
1007,USPA,2026-08-15,USA-NV,,,Open Nevada State Championship,6,2026
1008,USPA,2026-08-15,USA-MT,,,Tested Montana State Championship,42,2026
1009,USPA,2026-08-15,USA-TX,,,Open Clash of the Goons 2,18,2026
1010,USPA,2026-08-15,USA-MT,,,Open Montana State Championship,15,2026
1011,USPA,2026-08-15,USA-CA,,,Open STS Classic,9,2026
1012,USPA,2026-08-15,USA-FL,,,Tested Florida State Championship,78,2026
1013,USPA,2026-08-08,USA-RI,,,Tested Purple Power II: All Junior Meet,13,2026
1014,USPA,2026-08-08,USA-RI,,,Open Purple Power II: All Junior Meet,5,2026
1015,USPA,2026-08-01,USA-MO,,,Tested PowerBody Championship,19,2026
1016,USPA,2026-08-01,USA-MO,,,Open PowerBody Championship,9,2026
1017,USPA,2026-07-25,USA-IL,,,Tested Mad Max Lifts,28,2026
1018,USPA,2026-07-25,USA-IL,,,Open Mad Max Lifts,11,2026
1019,USPA,2026-07-25,USA-IN,,,Tested Patriot Power,34,2026
1020,USPA,2026-07-25,USA-IN,,,Open Patriot Power,6,2026
1021,USPA,2026-07-25,USA-KS,,,Open Midwest Junior Championship,12,2026
1022,USPA,2026-07-25,USA-MS,,,Tested Texas Power Bar Mississippi State Championship,30,2026
1023,USPA,2026-07-25,USA-MS,,,Open Texas Power Bar Mississippi State Championship,25,2026
1024,USPA,2026-07-25,USA-KS,,,Tested Midwest Junior Championship,17,2026
1025,USPA,2026-07-18,USA-CT,,,Tested Resilient Classic VI,33,2026
1026,USPA,2026-07-18,USA-CT,,,Open Resilient Classic VI,8,2026
1027,USPA,2026-07-18,USA-TX,,,Tested Gods of Iron,17,2026
1028,USPA,2026-07-18,USA-TX,,,Open Gods of Iron,24,2026
1029,USPA,2026-07-18,USA-CA,,,Tested Napa Summer of Strength,61,2026
1030,USPA,2026-07-18,USA-NC,,,Tested North Carolina State Championship,32,2026
1031,USPA,2026-07-18,USA-NC,,,Open North Carolina State Championship,6,2026
1032,USPA,2026-07-18,USA-NE,,,Tested Corn and Kilos,24,2026
1033,USPA,2026-07-18,USA-NE,,,Open Corn and Kilos,10,2026
1034,USPA,2026-07-18,USA-AZ,,,Tested Summer Slam,38,2026
1035,USPA,2026-07-18,USA-AZ,,,Open Summer Slam,16,2026
1036,USPA,2026-07-18,USA-VA,,,Open Summer Bash,1,2026
1037,USPA,2026-07-18,USA-VA,,,Tested Summer Bash,8,2026
1038,USPA,2026-07-18,USA-CA,,,Tested BXB Desert Showdown,17,2026
1039,USPA,2026-07-18,USA-CA,,,Open BXB Desert Showdown,7,2026
1040,USPA,2026-07-18,USA-WA,,,Tested Iron Solstice,20,2026
1041,USPA,2026-07-18,USA-WA,,,Open Iron Solstice,7,2026
1042,USPA,2026-07-12,USA-NY,,,Open ABC Iron Summer Showdown,10,2026
1043,USPA,2026-07-12,USA-CA,,,Open Heavy Breathing Standard V,5,2026
1044,USPA,2026-07-12,USA-NY,,,Tested ABC Iron Summer Showdown,11,2026
1045,USPA,2026-07-12,USA-CA,,,Tested Heavy Breathing Standard V,33,2026
1046,USPA,2026-07-11,USA-RI,,,Tested The Top Strength Project Raw Meet,16,2026
1047,USPA,2026-07-11,USA-FL,,,Tested The Iron Knightmare VIII,55,2026
1048,USPA,2026-07-11,USA-OH,,,Open American Muscle Mayhem,12,2026
1049,USPA,2026-07-11,USA-FL,,,Open The Iron Knightmare VIII,28,2026
1050,USPA,2026-07-11,USA-OH,,,Tested American Muscle Mayhem,45,2026
1051,USPA,2026-07-11,USA-RI,,,Open The Top Strength Project Raw Meet,5,2026
1052,USPA,2026-06-28,USA-MI,,,Open Summer Strength Showdown,8,2026
1053,USPA,2026-06-28,USA-MI,,,Tested Summer Strength Showdown,13,2026
1054,USPA,2026-06-28,USA-HI,,,Tested 808 Championship at HI FIT Expo,30,2026
1055,USPA,2026-06-28,USA-HI,,,Open 808 Championship at HI FIT Expo,7,2026
1056,USPA,2026-06-27,USA-WA,,,Tested DOP Strength Throwdown,23,2026
1057,USPA,2026-06-27,USA-CA,,,Open Metroflex Classic,4,2026
1058,USPA,2026-06-27,USA-MS,,,Tested Battle on the Backwater,38,2026
1059,USPA,2026-06-27,USA-OK,,,Open Goddesses of Strength,14,2026
1060,USPA,2026-06-27,USA-TN,,,Tested Patriot Showdown,31,2026
1061,USPA,2026-06-27,USA-TN,,,Open Patriot Showdown,7,2026
1062,USPA,2026-06-27,USA-WA,,,Open DOP Strength Throwdown,9,2026
1063,USPA,2026-06-27,USA-OH,,,Tested Clash of the Titans,36,2026
1064,USPA,2026-06-27,USA-OH,,,Open Clash of the Titans,7,2026
1065,USPA,2026-06-27,USA-OK,,,Tested Goddesses of Strength,16,2026
1066,USPA,2026-06-27,USA-VA,,,Tested Raising Havoc at MaXfit,23,2026
1067,USPA,2026-06-27,USA-MS,,,Open Battle on the Backwater,9,2026
1068,USPA,2026-06-27,USA-VA,,,Open Raising Havoc at MaXfit,9,2026
1069,USPA,2026-06-27,USA-CA,,,Tested WE ARE THE STRONG 2,38,2026
1070,USPA,2026-06-27,USA-CA,,,Open WE ARE THE STRONG 2,18,2026
1071,USPA,2026-06-27,USA-OR,,,Tested Battle for Cascadia,14,2026
1072,USPA,2026-06-27,USA-OR,,,Open Battle for Cascadia,2,2026
1073,USPA,2026-06-27,USA-CA,,,Tested Metroflex Classic,26,2026
1074,USPA,2026-06-20,USA-WA,,,Tested Rumble on the Rubicon,29,2026
1075,USPA,2026-06-20,USA-AL,,,Open Wildcat Barbell Bash,8,2026
1076,USPA,2026-06-20,USA-AL,,,Tested Wildcat Barbell Bash,26,2026
1077,USPA,2026-06-20,USA-WA,,,Open Rumble on the Rubicon,25,2026
1078,USPA,2026-06-20,USA-AR,,,Tested Ozark Open,20,2026
1079,USPA,2026-06-20,USA-AR,,,Open Ozark Open,9,2026
1080,USPA,2026-06-20,USA-TX,,,Tested Iron Compound,21,2026
1081,USPA,2026-06-20,USA-TX,,,Open Iron Compound,9,2026
1082,USPA,2026-06-14,USA-NY,,,Open WNY Championship,3,2026
1083,USPA,2026-06-14,USA-NY,,,Tested WNY Championship,9,2026
1084,USPA,2026-06-13,USA-MA,,,Tested LFG Summer Smash,11,2026
1085,USPA,2026-06-13,USA-GA,,,Open Dark Iron Society Forge of Strength,14,2026
1086,USPA,2026-06-13,USA-TN,,,Open Iron & Forge Invitational,17,2026
1087,USPA,2026-06-13,USA-TN,,,Tested Iron & Forge Invitational,14,2026
1088,USPA,2026-06-13,USA-WI,,,Tested The Grind Battle,14,2026
1089,USPA,2026-06-13,USA-WI,,,Open The Grind Battle,8,2026
1090,USPA,2026-06-13,USA-ME,,,Tested Shogun Showdown III,32,2026
1091,USPA,2026-06-13,USA-ME,,,Open Shogun Showdown III,13,2026
1092,USPA,2026-06-13,USA-MT,,,Tested Power in the Pride,30,2026
1093,USPA,2026-06-13,USA-LA,,,Tested G&M Powerhouse Junior Open,26,2026
1094,USPA,2026-06-13,USA-MT,,,Open Power in the Pride,2,2026
1095,USPA,2026-06-13,USA-MA,,,Open LFG Summer Smash,2,2026
1096,USPA,2026-06-13,USA-GA,,,Tested Dark Iron Society Forge of Strength,32,2026
1097,USPA,2026-06-06,USA-NH,,,Tested Summer Slam,19,2026
1098,USPA,2026-06-06,USA-CO,,,Tested Fray for the Fallen 3,37,2026
1099,USPA,2026-06-06,USA-NH,,,Open Summer Slam,4,2026
1100,USPA,2026-06-06,USA-CO,,,Open Fray for the Fallen 3,22,2026
1101,USPA,2026-06-06,USA-FL,,,Tested Tampa Strong 2,17,2026
1102,USPA,2026-06-06,USA-FL,,,Open Tampa Strong 2,19,2026
1103,USPA,2026-05-29,USA-UT,,,Tested FitCon Amateur Powerlifting Cup,9,2026
1104,USPA,2026-05-29,USA-UT,,,Open FitCon Amateur Powerlifting Cup,8,2026
1105,USPA,2026-05-29,USA-UT,,,Tested FitCon Pro-Am Powerlifting Cup,12,2026
1106,USPA,2026-05-29,USA-UT,,,Open FitCon Pro-Am Powerlifting Cup,11,2026
1107,USPA,2026-05-25,USA-CA,,,Open Ultra Nationals,161,2026
1108,USPA,2026-05-25,USA-CA,,,Tested Ultra Nationals,566,2026
1109,USPA,2026-05-16,USA-PA,,,Tested 2nd Pittsburgh Power Fitness Festival,47,2026
1110,USPA,2026-05-16,USA-PA,,,Open 2nd Pittsburgh Power Fitness Festival,14,2026
1111,USPA,2026-05-16,USA-CA,,,Open Hangtown Power Fest,14,2026
1112,USPA,2026-05-16,USA-CA,,,Tested Hangtown Power Fest,18,2026
1113,USPA,2026-05-09,USA-PA,,,Tested Mother of All Meets,20,2026
1114,USPA,2026-05-09,USA-AL,,,Tested Back to Bama II,16,2026
1115,USPA,2026-05-09,USA-NV,,,Open Vegas Coalition II,8,2026
1116,USPA,2026-05-09,USA-PA,,,Open Mother of All Meets,6,2026
1117,USPA,2026-05-09,USA-NC,,,Tested Mountain Madness,23,2026
1118,USPA,2026-05-09,USA-NC,,,Open Mountain Madness,5,2026
1119,USPA,2026-05-09,USA-NV,,,Tested Vegas Coalition II,49,2026
1120,USPA,2026-05-09,USA-AL,,,Open Back to Bama II,7,2026
1121,USPA,2026-05-03,USA-NY,,,Open CNY Championships,9,2026
1122,USPA,2026-05-03,USA-NY,,,Tested CNY Championships,33,2026
1123,USPA,2026-05-02,USA-SC,,,Open Holy City Armageddon 4,13,2026
1124,USPA,2026-05-02,USA-SC,,,Tested Holy City Armageddon 4,32,2026
1125,USPA,2026-05-02,USA-MA,,,Tested Awesome Power Open,21,2026
1126,USPA,2026-05-02,USA-MA,,,Open Awesome Power Open,5,2026
1127,USPA,2026-05-02,USA-MT,,,Tested Take Back the Power,33,2026
1128,USPA,2026-04-26,USA-PA,,,Tested Erie Classic,5,2026
1129,USPA,2026-04-26,USA-PA,,,Open Erie Classic,5,2026
1130,USPA,2026-04-25,USA-MN,,,Open The Gym 365 II,17,2026
1131,USPA,2026-04-25,USA-TX,,,Open Iron Classic,15,2026
1132,USPA,2026-04-25,USA-OK,,,Tested Trinity Rise of Str3ngth,15,2026
1133,USPA,2026-04-25,USA-OK,,,Open Trinity Rise of Str3ngth,12,2026
1134,USPA,2026-04-25,USA-RI,,,Tested Spring Throwdown,32,2026
1135,USPA,2026-04-25,USA-RI,,,Open Spring Throwdown,14,2026
1136,USPA,2026-04-25,USA-MN,,,Tested The Gym 365 II,39,2026
1137,USPA,2026-04-25,USA-NC,,,Tested Barbell Showdown,37,2026
1138,USPA,2026-04-25,USA-NC,,,Open Barbell Showdown,8,2026
1139,USPA,2026-04-25,USA-AZ,,,Tested ATP Powerlifting Invitational,43,2026
1140,USPA,2026-04-25,USA-AZ,,,Open ATP Powerlifting Invitational,14,2026
1141,USPA,2026-04-25,USA-TN,,,Tested Mid-South Classic,12,2026
1142,USPA,2026-04-25,USA-TN,,,Open Mid-South Classic,10,2026
1143,USPA,2026-04-25,USA-FL,,,Tested Seminole Strength Showdown 8,21,2026
1144,USPA,2026-04-25,USA-FL,,,Open Seminole Strength Showdown 8,14,2026
1145,USPA,2026-04-25,USA-TX,,,Tested Iron Classic,16,2026
1146,USPA,2026-04-18,USA-IL,,,Open Chaos in the Windy City 5,11,2026
1147,USPA,2026-04-18,USA-CA,,,Open Get Bent Oakland's Spring Break,1,2026
1148,USPA,2026-04-18,USA-IL,,,Tested Chaos in the Windy City 5,32,2026
1149,USPA,2026-04-18,USA-GA,,,Open Iron Beast 2,7,2026
1150,USPA,2026-04-18,USA-CA,,,Tested Liz Freel Classic,21,2026
1151,USPA,2026-04-18,USA-CA,,,Open Liz Freel Classic,5,2026
1152,USPA,2026-04-18,USA-VT,,,Tested Iron Mudder,25,2026
1153,USPA,2026-04-18,USA-VT,,,Open Iron Mudder,2,2026
1154,USPA,2026-04-18,USA-LA,,,Iron House Open 8,52,2026
1155,USPA,2026-04-18,USA-GA,,,Tested Iron Beast 2,33,2026
1156,USPA,2026-04-18,USA-CA,,,Tested Get Bent Oakland's Spring Break,62,2026
1157,USPA,2026-04-18,USA-OH,,,Tested Strength for Survivors 3,46,2026
1158,USPA,2026-04-18,USA-OH,,,Open Strength for Survivors 3,15,2026
1159,USPA,2026-04-18,USA-MO,,,Tested Barbell Games,27,2026
1160,USPA,2026-04-18,USA-MO,,,Open Barbell Games,13,2026
1161,USPA,2026-04-18,USA-TX,,,Tested Alamo City Classic,24,2026
1162,USPA,2026-04-18,USA-TX,,,Open Alamo City Classic,14,2026
1163,USPA,2026-04-12,USA-NY,,,Tested Rochester Grand Prix,23,2026
1164,USPA,2026-04-12,USA-NY,,,Open Rochester Grand Prix,6,2026
1165,USPA,2026-04-11,USA-LA,,,Open Battle of the Belles IV,7,2026
1166,USPA,2026-04-11,USA-LA,,,Tested Battle of the Belles IV,16,2026
1167,USPA,2026-04-11,USA-KS,,,Open Battle in the Heartland,32,2026
1168,USPA,2026-04-11,USA-OR,,,Tested Outlaw Open,39,2026
1169,USPA,2026-04-11,USA-CA,,,Open Coachella Valley of Strength,4,2026
1170,USPA,2026-04-11,USA-CA,,,Tested Coachella Valley of Strength,12,2026
1171,USPA,2026-04-11,USA-OR,,,Open Outlaw Open,15,2026
1172,USPA,2026-04-11,USA-TN,,,Open Fortress Barbell Battle,14,2026
1173,USPA,2026-04-11,USA-GA,,,Tested Tri-City Classic,24,2026
1174,USPA,2026-04-11,USA-TN,,,Tested Fortress Barbell Battle,28,2026
1175,USPA,2026-04-11,USA-GA,,,Open Tri-City Classic,7,2026
1176,USPA,2026-04-11,USA-KS,,,Tested Battle in the Heartland,32,2026
1177,USPA,2026-03-28,USA-GA,,,Open Iron Wars 6,4,2026
1178,USPA,2026-03-28,USA-NJ,,,Tested Battle at the Shore,15,2026
1179,USPA,2026-03-28,USA-NJ,,,Open Battle at the Shore,11,2026
1180,USPA,2026-03-28,USA-TX,,,Tested Midwest Regionals at Outlaw Draw,39,2026
1181,USPA,2026-03-28,USA-TX,,,Open Midwest Regionals at Outlaw Draw,22,2026
1182,USPA,2026-03-28,USA-WA,,,Tested Northwest Power Cup,32,2026
1183,USPA,2026-03-28,USA-WA,,,Open Strength in Bloom,6,2026
1184,USPA,2026-03-28,USA-WA,,,Open Northwest Power Cup,4,2026
1185,USPA,2026-03-28,USA-GA,,,Tested Iron Wars 6,29,2026
1186,USPA,2026-03-28,USA-WA,,,Tested Strength in Bloom,36,2026
1187,USPA,2026-03-28,USA-AZ,,,Tested National Bench Press Championships,91,2026
1188,USPA,2026-03-28,USA-AZ,,,Open National Bench Press Championships,41,2026
1189,USPA,2026-03-21,USA-MS,,,Tested Meet at the Mecca 6,26,2026
1190,USPA,2026-03-21,USA-CA,,,Open Southwest Regionals presented by Nightmare Muscle & Old Skool Iron,12,2026
1191,USPA,2026-03-21,USA-NC,,,Tested Pups and PRs,28,2026
1192,USPA,2026-03-21,USA-NC,,,Open Pups and PRs,4,2026
1193,USPA,2026-03-21,USA-MO,,,Tested Missouri State Championships,28,2026
1194,USPA,2026-03-21,USA-MO,,,Open Missouri State Championships,10,2026
1195,USPA,2026-03-21,USA-CO,,,Tested Spartan Classic,56,2026
1196,USPA,2026-03-21,USA-MS,,,Open Meet at the Mecca 6,9,2026
1197,USPA,2026-03-21,USA-IN,,,Tested Northeast Regionals at Shamrock Showdown,43,2026
1198,USPA,2026-03-21,USA-IN,,,Open Northeast Regionals at Shamrock Showdown,17,2026
1199,USPA,2026-03-21,USA-FL,,,Tested Margate Madness 3,30,2026
1200,USPA,2026-03-21,USA-FL,,,Open Margate Madness 3,19,2026
1201,USPA,2026-03-21,USA-CA,,,Tested Southwest Regionals presented by Nightmare Muscle & Old Skool Iron,46,2026
1202,USPA,2026-03-21,USA-CO,,,Open Spartan Classic,33,2026
1203,USPA,2026-03-14,USA-GA,,,Tested Leprechaun Iron Showdown,23,2026
1204,USPA,2026-03-14,USA-MT,,,Tested Montana High School Championship,37,2026
1205,USPA,2026-03-14,USA-MO,,,Open Ironville Classic,3,2026
1206,USPA,2026-03-14,USA-TX,,,Open Goliath Strength Classic,11,2026
1207,USPA,2026-03-14,USA-AL,,,Tested Luck of the Lift,7,2026
1208,USPA,2026-03-14,USA-TX,,,Tested Goliath Strength Classic,19,2026
1209,USPA,2026-03-14,USA-MO,,,Tested Ironville Classic,13,2026
1210,USPA,2026-03-14,USA-TX,,,Tested Clash of the Barbarians,13,2026
1211,USPA,2026-03-14,USA-TX,,,Open Clash of the Barbarians,30,2026
1212,USPA,2026-03-14,USA-CT,,,Tested Celtic Clash,39,2026
1213,USPA,2026-03-14,USA-GA,,,Open Leprechaun Iron Showdown,5,2026
1214,USPA,2026-03-08,USA-LA,,,Open Ratchet City Rumble III,4,2026
1215,USPA,2026-03-08,USA-LA,,,Tested Ratchet City Rumble III,15,2026
1216,USPA,2026-03-07,USA-CA,,,Tested Clash of the Gods,24,2026
1217,USPA,2026-03-07,USA-LA,,,Tested Masters Cup,91,2026
1218,USPA,2026-03-07,USA-CA,,,Tested The Break Off Powerlifting Meet,30,2026
1219,USPA,2026-03-07,USA-CA,,,Open The Break Off Powerlifting Meet,13,2026
1220,USPA,2026-03-07,USA-LA,,,Open Masters Cup,55,2026
1221,USPA,2026-03-07,USA-WA,,,Open Pre-Spring Fling,6,2026
1222,USPA,2026-03-07,USA-WA,,,Tested Pre-Spring Fling,12,2026
1223,USPA,2026-03-07,USA-UT,,,Tested Utah Open,32,2026
1224,USPA,2026-03-07,USA-UT,,,Open Utah Open,17,2026
1225,USPA,2026-03-07,USA-CA,,,Open Clash of the Gods,5,2026
1226,USPA,2026-03-07,USA-NC,,,Open Desmond Jordan Classic 2,5,2026
1227,USPA,2026-03-07,USA-NC,,,Tested Desmond Jordan Classic 2,31,2026
1228,USPA,2026-02-28,USA-KS,,,Open Trial by Iron VII,27,2026
1229,USPA,2026-02-28,USA-AK,,,Open 2nd Annual Mac's Power Fest,4,2026
1230,USPA,2026-02-28,USA-AK,,,Tested 2nd Annual Mac's Power Fest,18,2026
1231,USPA,2026-02-28,USA-IA,,,Tested Iron Chapel Rumble,19,2026
1232,USPA,2026-02-28,USA-KS,,,Tested Trial by Iron VII,15,2026
1233,USPA,2026-02-28,USA-IA,,,Open Iron Chapel Rumble,6,2026
1234,USPA,2026-02-28,USA-NV,,,Tested Desert Spring Rampage,23,2026
1235,USPA,2026-02-28,USA-NV,,,Open Desert Spring Rampage,13,2026
1236,USPA,2026-02-28,USA-TX,,,Tested Queens of Iron,10,2026
1237,USPA,2026-02-28,USA-TX,,,Open Queens of Iron,11,2026
1238,USPA,2026-02-28,USA-WA,,,Open Washington State Open,9,2026
1239,USPA,2026-02-28,USA-WA,,,Tested Washington State Open,20,2026
1240,USPA,2026-02-22,USA-NY,,,Tested Winter Classic,22,2026
1241,USPA,2026-02-22,USA-NY,,,Open Winter Classic,5,2026
1242,USPA,2026-02-21,USA-OK,,,Open Rise of the Phoenix,23,2026
1243,USPA,2026-02-21,USA-NC,,,Open Gold's Gym Winter Classic,11,2026
1244,USPA,2026-02-21,USA-CA,,,Tested The Meet IV: Not Like Us,43,2026
1245,USPA,2026-02-21,USA-CA,,,Open The Meet IV: Not Like Us,17,2026
1246,USPA,2026-02-21,USA-OK,,,Tested Rise of the Phoenix,6,2026
1247,USPA,2026-02-21,USA-OH,,,Open Heartbreakers & Record Takers,10,2026
1248,USPA,2026-02-21,USA-CA,,,Tested East Bay Open,27,2026
1249,USPA,2026-02-21,USA-TX,,,Tested TSS Classic,21,2026
1250,USPA,2026-02-21,USA-TX,,,Open TSS Classic,12,2026
1251,USPA,2026-02-21,USA-TX,,,Tested Tomorrow Starts Now,19,2026
1252,USPA,2026-02-21,USA-TX,,,Open Tomorrow Starts Now,9,2026
1253,USPA,2026-02-21,USA-OR,,,Tested PNW Championship,21,2026
1254,USPA,2026-02-21,USA-OR,,,Open PNW Championship,4,2026
1255,USPA,2026-02-21,USA-AZ,,,Tested Arizona Powerlifting Classic,44,2026
1256,USPA,2026-02-21,USA-AZ,,,Open Arizona Powerlifting Classic,11,2026
1257,USPA,2026-02-21,USA-FL,,,Tested Southeast Regionals at Battle of the Bay,105,2026
1258,USPA,2026-02-21,USA-FL,,,Open Southeast Regionals at Battle of the Bay,54,2026
1259,USPA,2026-02-21,USA-NJ,,,Tested Battle at Atilis V,18,2026
1260,USPA,2026-02-21,USA-NJ,,,Open Battle at Atilis V,12,2026
1261,USPA,2026-02-21,USA-NC,,,Tested Gold's Gym Winter Classic,28,2026
1262,USPA,2026-02-21,USA-OH,,,Tested Heartbreakers & Record Takers,47,2026
1263,USPA,2026-02-14,USA-GA,,,Open Iron Affliction,3,2026
1264,USPA,2026-02-14,USA-PA,,,Tested Valentine's Massacre,17,2026
1265,USPA,2026-02-14,USA-PA,,,Open Valentine's Massacre,9,2026
1266,USPA,2026-02-14,USA-GA,,,Tested Iron Affliction,11,2026
1267,USPA,2026-02-07,USA-TN,,,Open No One Fights Alone II,9,2026
1268,USPA,2026-02-07,USA-MT,,,Tested Big Sky Winter Classic,50,2026
1269,USPA,2026-02-07,USA-MT,,,Open Big Sky Winter Classic,5,2026
1270,USPA,2026-02-07,USA-CA,,,Tested Battle of the Best 2,36,2026
1271,USPA,2026-02-07,USA-TN,,,Tested No One Fights Alone II,11,2026
1272,USPA,2026-02-07,USA-MI,,,Tested Iron Avalanche,24,2026
1273,USPA,2026-02-07,USA-MI,,,Open Iron Avalanche,18,2026
1274,USPA,2026-02-07,USA-WI,,,Tested Swoleman Classic V,18,2026
1275,USPA,2026-02-07,USA-WI,,,Open Swoleman Classic V,8,2026
1276,USPA,2026-01-31,USA-AL,,,Open Empire Winter Warfare,5,2026
1277,USPA,2026-01-31,USA-AR,,,Tested Arkansas Iron Clash,11,2026
1278,USPA,2026-01-31,USA-CA,,,Tested Doug Carroll Untamed Classic,35,2026
1279,USPA,2026-01-31,USA-CA,,,Open Doug Carroll Untamed Classic,12,2026
1280,USPA,2026-01-31,USA-AR,,,Open Arkansas Iron Clash,9,2026
1281,USPA,2026-01-31,USA-IL,,,Tested Taken to the Platform,18,2026
1282,USPA,2026-01-31,USA-IL,,,Open Taken to the Platform,9,2026
1283,USPA,2026-01-31,USA-AL,,,Tested Empire Winter Warfare,21,2026
1284,USPA,2026-01-24,USA-NY,,,Tested Northeast Winter Classic,20,2026
1285,USPA,2026-01-24,USA-NY,,,Open Northeast Winter Classic,8,2026
1286,USPA,2026-01-18,USA-CA,,,Open Winter War,6,2026
1287,USPA,2026-01-18,USA-CA,,,Tested Winter War,28,2026
1288,USPA,2026-01-17,USA-HI,,,Open Moku Nui Powerlifting Championships,4,2026
1289,USPA,2026-01-17,USA-MA,,,Tested Millennium Winter Barbell Brawl,16,2026
1290,USPA,2026-01-17,USA-HI,,,Tested Moku Nui Powerlifting Championship,26,2026
1291,USPA,2026-01-17,USA-MS,,,Open Revolution Fitness Powerlifting Championships II,18,2026
1292,USPA,2026-01-17,USA-MS,,,Tested Revolution Fitness Powerlifting Championships II,36,2026
1293,USPA,2026-01-17,USA-MA,,,Open Millennium Winter Barbell Brawl,2,2026
1294,USPA,2026-01-10,USA-CA,,,Open American Cup at LA Fit Expo,19,2026
1295,USPA,2026-01-10,USA-TX,,,Tested David Mills Classic,14,2026
1296,USPA,2026-01-10,USA-TX,,,Open David Mills Classic,13,2026
1297,USPA,2026-01-10,USA-CA,,,Tested American Cup at LA Fit Expo,67,2026
1298,USPA,2025-12-14,USA-NY,,,Tested Shawn Loomis Memorial Powerlifting Meet,13,2025
1299,USPA,2025-12-14,USA-NY,,,Open Shawn Loomis Memorial Powerlifting Meet,13,2025
1300,USPA,2025-12-13,USA-GA,,,Open Winter Classic 2,17,2025
1301,USPA,2025-12-13,USA-GA,,,Tested Winter Classic 2,33,2025
1302,USPA,2025-12-13,USA-FL,,,Open Masters of Iron 4,16,2025
1303,USPA,2025-12-13,USA-FL,,,Tested Masters of Iron 4,35,2025
1304,USPA,2025-12-13,USA-OK,,,Tested Legacy of Strength,24,2025
1305,USPA,2025-12-13,USA-WA,,,Open Sleighin Weights 9,8,2025
1306,USPA,2025-12-13,USA-CA,,,Tested Winter Classic,48,2025
1307,USPA,2025-12-13,USA-SC,,,Tested Winter Bash,16,2025
1308,USPA,2025-12-13,USA-SC,,,Open Winter Bash,12,2025
1309,USPA,2025-12-13,USA-OR,,,Tested Westside Open,68,2025
1310,USPA,2025-12-13,USA-AZ,,,Open Arizona State Championships,20,2025
1311,USPA,2025-12-13,USA-NV,,,Open Smash Iron Fitness II,7,2025
1312,USPA,2025-12-13,USA-NV,,,Tested Smash Iron Fitness II,46,2025
1313,USPA,2025-12-13,USA-WA,,,Tested Sleighin Weights 9,30,2025
1314,USPA,2025-12-13,USA-TX,,,Open Battle at The PIT,13,2025
1315,USPA,2025-12-13,USA-CA,,,Open Old Skool Classic,18,2025
1316,USPA,2025-12-13,USA-TX,,,Tested Battle at The PIT,20,2025
1317,USPA,2025-12-13,USA-OK,,,Open Legacy of Strength,20,2025
1318,USPA,2025-12-13,USA-AZ,,,Tested Arizona State Championships,37,2025
1319,USPA,2025-12-13,USA-OR,,,Open Westside Open,9,2025
1320,USPA,2025-12-13,USA-CA,,,Tested Old Skool Iron Classic,39,2025
1321,USPA,2025-12-07,USA-KY,,,Open Kentucky State Championships,15,2025
1322,USPA,2025-12-07,USA-KY,,,Tested Kentucky State Championships,45,2025
1323,USPA,2025-12-06,USA-KS,,,Tested Iron Maidens of the Midwest 3,31,2025
1324,USPA,2025-12-06,USA-CO,,,Open Snowball Open,12,2025
1325,USPA,2025-12-06,USA-TX,,,Tested Bend the Bar,40,2025
1326,USPA,2025-12-06,USA-TX,,,Open Bend the Bar,40,2025
1327,USPA,2025-12-06,USA-MT,,,Open Rumble in the Big Sky,15,2025
1328,USPA,2025-12-06,USA-CA,,,Open Camp Pendleton,9,2025
1329,USPA,2025-12-06,USA-CA,,,Tested Camp Pendleton,43,2025
1330,USPA,2025-12-06,USA-FL,,,Open Navarre Beach Classic,8,2025
1331,USPA,2025-12-06,USA-IN,,,Open Hoosier State Championships,4,2025
1332,USPA,2025-12-06,USA-IN,,,Tested Hoosier State Championships,20,2025
1333,USPA,2025-12-06,USA-RI,,,Open Powerella,3,2025
1334,USPA,2025-12-06,USA-RI,,,Tested Powerella,31,2025
1335,USPA,2025-12-06,USA-KS,,,Open Iron Maidens Of The Midwest 3,23,2025
1336,USPA,2025-12-06,USA-NC,,,Open Blue Ridge Classic,6,2025
1337,USPA,2025-12-06,USA-NC,,,Tested Blue Ridge Classic,32,2025
1338,USPA,2025-12-06,USA-FL,,,Tested Navarre Beach Classic,32,2025
1339,USPA,2025-12-06,USA-CO,,,Tested Snowball Open,25,2025
1340,USPA,2025-12-06,USA-MT,,,Tested Rumble in the Big Sky,36,2025
1341,USPA,2025-11-29,USA-NH,,,Open Turkey Power,5,2025
1342,USPA,2025-11-29,USA-NH,,,Tested Turkey Power,14,2025
1343,USPA,2025-11-23,USA-HI,,,Open Fall Throwdown in Hawk Town,4,2025
1344,USPA,2025-11-23,USA-HI,,,Tested Fall Throwdown in Hawk Town,27,2025
1345,USPA,2025-11-22,USA-LA,,,Tested Battle Born Championships Volume 4,46,2025
1346,USPA,2025-11-22,USA-FL,,,Open Miami Throwdown,41,2025
1347,USPA,2025-11-22,USA-FL,,,Tested Miami Throwdown,46,2025
1348,USPA,2025-11-22,USA-NC,,,Open Turkey Bowl Showdown,7,2025
1349,USPA,2025-11-22,USA-NC,,,Tested Turkey Bowl Showdown,30,2025
1350,USPA,2025-11-22,USA-LA,,,Open Battle Born Championships Volume 4,9,2025
1351,USPA,2025-11-22,USA-UT,,,Open StrengthX Grand Prix,22,2025
1352,USPA,2025-11-22,USA-CA,,,Tested Attack of the Barbell 2,22,2025
1353,USPA,2025-11-22,USA-UT,,,Tested StrengthX Grand Prix,9,2025
1354,USPA,2025-11-16,USA-OH,,,Tested Ohio Valley Classic II,33,2025
1355,USPA,2025-11-16,USA-RI,,,Texas Power Bar Fall Brawl,13,2025
1356,USPA,2025-11-16,USA-OH,,,Open Ohio Valley Classic II,6,2025
1357,USPA,2025-11-15,USA-GA,,,Open Syndicate Showdown,6,2025
1358,USPA,2025-11-15,USA-IL,,,Tested Illinois State Championships,16,2025
1359,USPA,2025-11-15,USA-IL,,,Open Illinois State Championships,6,2025
1360,USPA,2025-11-15,USA-GA,,,Tested Syndicate Showdown,16,2025
1361,USPA,2025-11-15,USA-IN,,,Tested Hoosier State Championships,30,2025
1362,USPA,2025-11-15,USA-IN,,,Open Hoosier State Championships,4,2025
1363,USPA,2025-11-15,USA-ID,,,Open Idaho State Championships,2,2025
1364,USPA,2025-11-15,USA-ID,,,Tested Idaho State Championships,12,2025
1365,USPA,2025-11-09,USA-WA,,,Tested Northwest Regionals,47,2025
1366,USPA,2025-11-09,USA-NJ,,,Open Northeast Regionals,22,2025
1367,USPA,2025-11-09,USA-WA,,,Open Northwest Regionals,19,2025
1368,USPA,2025-11-09,USA-NJ,,,Tested Northeast Regionals,73,2025
1369,USPA,2025-11-08,USA-CA,,,Open Gas Brake Lift 3,1,2025
1370,USPA,2025-11-08,USA-TN,,,Iron Eagle Classic,54,2025
1371,USPA,2025-11-08,USA-CA,,,Tested Gas Brake Lift 3,45,2025
1372,USPA,2025-11-08,USA-NC,,,Open Jack King's Powerlifting Championship II,11,2025
1373,USPA,2025-11-08,USA-NC,,,Tested Jack King's Gym Powerlifting Championship II,39,2025
1374,USPA,2025-11-02,USA-NY,,,Tested New York State Championship,18,2025
1375,USPA,2025-11-02,USA-CA,,,Tested OUR GYM Powerlifting Meet,30,2025
1376,USPA,2025-11-02,USA-NY,,,Open New York State Championship,4,2025
1377,USPA,2025-11-01,USA-VT,,,Tested Vermont State Championship,22,2025
1378,USPA,2025-11-01,USA-MA,,,Tested MA State Championship,19,2025
1379,USPA,2025-10-25,USA-PA,,,Tested Dawn of the Deadlift,30,2025
1380,USPA,2025-10-25,USA-SC,,,Tested Day of the Dead,28,2025
1381,USPA,2025-10-25,USA-CA,,,Sonoma County Open,38,2025
1382,USPA,2025-10-25,USA-PA,,,Open Dawn of the Deadlift,13,2025
1383,USPA,2025-10-25,USA-OK,,,Tested Trinity of Terror Clash,12,2025
1384,USPA,2025-10-25,USA-OK,,,Open Trinity of Terror Clash,18,2025
1385,USPA,2025-10-25,USA-CO,,,Tested Boobies and Barbells III,27,2025
1386,USPA,2025-10-25,USA-CO,,,Boobies and Barbells III,11,2025
1387,USPA,2025-10-25,USA-AZ,,,Open Southwest Regionals,17,2025
1388,USPA,2025-10-25,USA-AZ,,,Tested Southwest Regionals,38,2025
1389,USPA,2025-10-25,USA-WI,,,Tested Midwest Regionals,65,2025
1390,USPA,2025-10-25,USA-SC,,,Open Day of the Dead,10,2025
1391,USPA,2025-10-25,USA-WI,,,Open Midwest Regionals,26,2025
1392,USPA,2025-10-19,USA-MI,,,Tested Fall Brawl 2.0,30,2025
1393,USPA,2025-10-19,USA-MI,,,Open Fall Brawl 2.0,13,2025
1394,USPA,2025-10-18,USA-GA,,,Open Southeast Regionals,28,2025
1395,USPA,2025-10-18,USA-GA,,,Tested Southeast Regionals,78,2025
1396,USPA,2025-10-18,USA-WA,,,Open Pumpkin Power Classic,10,2025
1397,USPA,2025-10-18,USA-WA,,,Tested Pumpkin Power Classic,25,2025
1398,USPA,2025-10-18,USA-TX,,,Tested Unleash the Beast,20,2025
1399,USPA,2025-10-18,USA-TX,,,Open Unleash the Beast,24,2025
1400,USPA,2025-10-18,USA-KS,,,Tested Battle in the Heartland,31,2025
1401,USPA,2025-10-18,USA-KS,,,Open Battle in the Heartland,12,2025
1402,USPA,2025-10-18,USA-WA,,,Tested Rage on Rubicon,19,2025
1403,USPA,2025-10-18,USA-WA,,,Open Rage on Rubicon,12,2025
1404,USPA,2025-10-18,USA-MA,,,Open Texas Power Bar Fall-Out,9,2025
1405,USPA,2025-10-18,USA-MA,,,Tested Texas Power Bar Fall-Out,33,2025
1406,USPA,2025-10-18,USA-CT,,,Strongest Meet in New England 3,25,2025
1407,USPA,2025-10-11,USA-LA,,,Open Northshore Power Royale 6,22,2025
1408,USPA,2025-10-11,USA-KY,,,Tested Kaged Master Barbell Classic,39,2025
1409,USPA,2025-10-11,USA-LA,,,Tested Northshore Power Royale 6,35,2025
1410,USPA,2025-10-11,USA-KY,,,Open Kaged Master Barbell Classic,10,2025
1411,USPA,2025-10-11,USA-CA,,,Tested The East Bay Spooktacular,54,2025
1412,USPA,2025-10-11,USA-CA,,,Open The Meet III: Full Power,10,2025
1413,USPA,2025-10-11,USA-CA,,,Tested The Meet III: Full Power,31,2025
1414,USPA,2025-10-04,USA-MO,,,Tested Red White and Blue Championships,15,2025
1415,USPA,2025-10-04,USA-MO,,,Open Red White Blue Championships,3,2025
1416,USPA,2025-10-04,USA-GA,,,Open Queens of the South,3,2025
1417,USPA,2025-10-04,USA-OH,,,Tested Open Pope's Strength Showdown,38,2025
1418,USPA,2025-10-04,USA-TX,,,Open Texas Strength Showdown Presented by Pioneer,21,2025
1419,USPA,2025-10-04,USA-GA,,,Tested Queens of the South,10,2025
1420,USPA,2025-10-04,USA-ME,,,Open ME State Championship,12,2025
1421,USPA,2025-10-04,USA-OH,,,Open Pope's Strength Showdown,18,2025
1422,USPA,2025-10-04,USA-TX,,,Tested Goliath Strength Showdown,16,2025
1423,USPA,2025-10-04,USA-TX,,,Tested Texas Strength Showdown Presented by Pioneer,19,2025
1424,USPA,2025-10-04,USA-ME,,,Tested ME State Championship,20,2025
1425,USPA,2025-10-04,USA-TX,,,Open Goliath Strength Showdown,11,2025
1426,USPA,2025-09-27,USA-WY,,,Tested Cowboy Open II,42,2025
1427,USPA,2025-09-27,USA-WY,,,Open Cowboy Open II,11,2025
1428,USPA,2025-09-27,USA-TX,,,Open Iron Compound,8,2025
1429,USPA,2025-09-27,USA-TX,,,Tested Iron Compound,27,2025
1430,USPA,2025-09-20,USA-AK,,,Open Mac's Power Fest,7,2025
1431,USPA,2025-09-20,USA-AK,,,Tested Mac's Power Fest,12,2025
1432,USPA,2025-09-20,USA-NJ,,,Open Atilis Classic,10,2025
1433,USPA,2025-09-20,USA-WA,,,Tested PNW Fall Classic VIII,29,2025
1434,USPA,2025-09-20,USA-OH,,,Open Liftoberfest,12,2025
1435,USPA,2025-09-20,USA-OH,,,Tested Liftoberfest,42,2025
1436,USPA,2025-09-20,USA-WA,,,Open PNW Fall Classic VIII,5,2025
1437,USPA,2025-09-20,USA-CA,,,Tested Halls of Strength,13,2025
1438,USPA,2025-09-20,USA-NJ,,,Tested Atilis Classic,25,2025
1439,USPA,2025-09-13,USA-MA,,,Tested LFG Open,9,2025
1440,USPA,2025-09-13,USA-MA,,,Open LFG Open,3,2025
1441,USPA,2025-09-13,USA-NC,,,Open Honor and Respect,5,2025
1442,USPA,2025-09-13,USA-GA,,,Tested The Iron Clash,15,2025
1443,USPA,2025-09-13,USA-GA,,,Open The Iron Clash,10,2025
1444,USPA,2025-09-13,USA-CA,,,Tested Surf City Open,7,2025
1445,USPA,2025-09-13,USA-CA,,,Open Surf City Open,7,2025
1446,USPA,2025-09-13,USA-NC,,,Tested Honor and Respect,20,2025
1447,USPA,2025-09-06,USA-OR,,,Tested Summer Showdown,26,2025
1448,USPA,2025-09-06,USA-NV,,,Tested Desert Rampage,31,2025
1449,USPA,2025-09-06,USA-AZ,,,Tested Sahuarita Gym Classic,25,2025
1450,USPA,2025-09-06,USA-AZ,,,Open Sahuarita Gym Classic,8,2025
1451,USPA,2025-09-06,USA-VA,,,Open VA State Championship,3,2025
1452,USPA,2025-09-06,USA-OR,,,Open Summer Showdown,6,2025
1453,USPA,2025-09-06,USA-VA,,,Tested VA State Championship,19,2025
1454,USPA,2025-09-06,USA-TX,,,Open The Takeover,18,2025
1455,USPA,2025-09-06,USA-MT,,,Tested Clash of the Titans,29,2025
1456,USPA,2025-09-06,USA-MT,,,Open Clash of the Titans,5,2025
1457,USPA,2025-09-06,USA-TX,,,Tested The Takeover,23,2025
1458,USPA,2025-09-06,USA-NV,,,Open Desert Rampage,7,2025
1459,USPA,2025-09-06,USA-CA,,,Open Iron Addicts Powerlifting Meet,9,2025
1460,USPA,2025-09-06,USA-CA,,,Tested Iron Addicts Powerlifting Meet,16,2025
1461,USPA,2025-08-31,USA-CA,,,Open OC Summer Jam at Brewery X,5,2025
1462,USPA,2025-08-31,USA-CA,,,Tested OC Summer Jam at Brewery X,51,2025
1463,USPA,2025-08-24,USA-NY,,,Open Legends Never Die,6,2025
1464,USPA,2025-08-24,USA-NY,,,Tested Legends Never Die,8,2025
1465,USPA,2025-08-23,USA-NC,,,Open North Carolina State Championship,8,2025
1466,USPA,2025-08-23,USA-IN,,,Open End of Summer Bash,9,2025
1467,USPA,2025-08-23,USA-CA,,,Open Battle at THE GYM,5,2025
1468,USPA,2025-08-23,USA-CA,,,Tested Battle at THE GYM,16,2025
1469,USPA,2025-08-23,USA-NC,,,Tested North Carolina State Championship,23,2025
1470,USPA,2025-08-23,USA-OK,,,Open Oklahoma Red River Shootout,17,2025
1471,USPA,2025-08-23,USA-OK,,,Tested Oklahoma Red River Shootout,18,2025
1472,USPA,2025-08-23,USA-TX,,,Open Texas Red River Shootout,9,2025
1473,USPA,2025-08-23,USA-TX,,,Tested Texas Red River Shootout,28,2025
1474,USPA,2025-08-23,USA-IN,,,Tested End of Summer Bash,24,2025
1475,USPA,2025-08-17,USA-CO,,,Shaw Classic,52,2025
1476,USPA,2025-08-16,USA-MS,,,Open Mississippi State Championships,29,2025
1477,USPA,2025-08-16,USA-FL,,,Open Florida State Championships,33,2025
1478,USPA,2025-08-16,USA-WV,,,Open Weirton Warfare,6,2025
1479,USPA,2025-08-16,USA-WV,,,Tested Weirton Warfare,18,2025
1480,USPA,2025-08-16,USA-TX,,,Tested Clash of the Goons,21,2025
1481,USPA,2025-08-16,USA-TX,,,Open Clash of the Goons,18,2025
1482,USPA,2025-08-16,USA-FL,,,Tested Florida State Championships,72,2025
1483,USPA,2025-08-16,USA-TN,,,Open Tri-Cities Throwdown III,7,2025
1484,USPA,2025-08-16,USA-TN,,,Tested Tri-Cities Throwdown III,21,2025
1485,USPA,2025-08-16,USA-MS,,,Tested Mississippi State Championships,31,2025
1486,USPA,2025-08-16,USA-GA,,,Tested Masters of Mayhem,10,2025
1487,USPA,2025-08-16,USA-GA,,,Open Masters of Mayhem,4,2025
1488,USPA,2025-08-09,USA-CA,,,Tested Powercrush Summer of Strength,59,2025
1489,USPA,2025-08-09,USA-WI,,,Open Dairy State IV,5,2025
1490,USPA,2025-08-09,USA-WI,,,Tested Dairy State IV,16,2025
1491,USPA,2025-08-09,USA-MT,,,Tested Power in the Pride,21,2025
1492,USPA,2025-08-09,USA-MT,,,Open Power in the Pride,7,2025
1493,USPA,2025-08-09,USA-RI,,,Tested Purple Power-All Junior Meet,21,2025
1494,USPA,2025-08-09,USA-RI,,,Open Purple Power-All Junior Meet,2,2025
1495,USPA,2025-08-02,USA-CA,,,Tested EVO's Sacramento Strength Fest,25,2025
1496,USPA,2025-08-02,USA-CA,,,Open EVO's Sacramento Strength Fest,8,2025
1497,USPA,2025-08-02,USA-VA,,,Open Fear the Impossible,2,2025
1498,USPA,2025-08-02,USA-CO,,,Open Spartan Classic IV,19,2025
1499,USPA,2025-08-02,USA-VA,,,Tested Fear the Impossible,17,2025
1500,USPA,2025-08-02,USA-CA,,,Tested Anaheim Fit Expo,49,2025
1501,USPA,2025-08-02,USA-CO,,,Tested Spartan Classic IV,35,2025
1502,USPA,2025-08-02,USA-MO,,,Open The Comeback Powerbody 2.0,11,2025
1503,USPA,2025-08-02,USA-MO,,,Tested The Comeback Powerbody 2.0,43,2025
1504,USPA,2025-08-02,USA-CA,,,Open Anaheim Fit Expo,19,2025
1505,USPA,2025-08-02,USA-UT,,,Tested FitCon Pro Cup,32,2025
1506,USPA,2025-08-02,USA-UT,,,Open FitCon Pro Cup,10,2025
1507,USPA,2025-08-01,USA-UT,,,Tested Multi-ply National Championships,3,2025
1508,USPA,2025-08-01,USA-UT,,,Open Multi-ply National Championships,8,2025
1509,USPA,2025-07-26,USA-PA,,,National Championships,211,2025
1510,USPA,2025-07-26,USA-TX,,,Tested West Texas Classic,29,2025
1511,USPA,2025-07-26,USA-OR,,,Tested Summer Strength Wars,15,2025
1512,USPA,2025-07-26,USA-OR,,,Open Summer Strength Wars,4,2025
1513,USPA,2025-07-26,USA-FL,,,Tested Iron Knightmare 7,75,2025
1514,USPA,2025-07-26,USA-TX,,,Open West Texas Classic,13,2025
1515,USPA,2025-07-26,USA-AZ,,,Tested Summer Slam,29,2025
1516,USPA,2025-07-26,USA-AZ,,,Open Summer Slam,26,2025
1517,USPA,2025-07-26,USA-FL,,,Open Iron Knightmare 7,49,2025
1518,USPA,2025-07-19,USA-CT,,,Tested Resilient Classic V,30,2025
1519,USPA,2025-07-19,USA-MT,,,Tested Take Back the Power,34,2025
1520,USPA,2025-07-19,USA-CT,,,Open Resilient Classic V,9,2025
1521,USPA,2025-07-19,USA-WA,,,Tested Powermania,29,2025
1522,USPA,2025-07-19,USA-TX,,,Open Gods of Iron,19,2025
1523,USPA,2025-07-19,USA-WA,,,Open Powermania,8,2025
1524,USPA,2025-07-19,USA-TX,,,Tested Gods of Iron,27,2025
1525,USPA,2025-07-07,USA-NV,,,Tested National Powerlifting Championship,501,2025
1526,USPA,2025-06-28,USA-NC,,,Open Fit4Freedom,6,2025
1527,USPA,2025-06-28,USA-NC,,,Tested Fit4Freedom,36,2025
1528,USPA,2025-06-28,USA-HI,,,Open 808 Championships at HI Fit Expo,3,2025
1529,USPA,2025-06-28,USA-CA,,,Open Hella Strength's Powerlifting Tournament,15,2025
1530,USPA,2025-06-28,USA-LA,,,Open Unleashed Louisianimal State Championship,18,2025
1531,USPA,2025-06-28,USA-CA,,,Tested Hella Strength's Powerlifting Tournament,43,2025
1532,USPA,2025-06-28,USA-LA,,,Tested Unleashed Louisianimal State Championship,49,2025
1533,USPA,2025-06-28,USA-HI,,,Tested 808 Championships at HI Fit Expo,31,2025
1534,USPA,2025-06-21,USA-IN,,,Open Patriot Power,6,2025
1535,USPA,2025-06-21,USA-IN,,,Tested Patriot Power,22,2025
1536,USPA,2025-06-21,USA-VT,,,Tested Lifting Legends,10,2025
1537,USPA,2025-06-21,USA-CA,,,Tested Goddess of Gains,11,2025
1538,USPA,2025-06-14,USA-NY,,,Open Battle of the Gladiators,15,2025
1539,USPA,2025-06-14,USA-NY,,,Tested Battle of the Gladiators,8,2025
1540,USPA,2025-06-14,USA-NM,,,Tested Transcend the Bar Albuquerque Classic,12,2025
1541,USPA,2025-06-14,USA-KS,,,Tested Flag Day Powerlifting Presented by The Foundation,18,2025
1542,USPA,2025-06-14,USA-KS,,,Open Flag Day Powerlifting presented by The Foundation,5,2025
1543,USPA,2025-06-14,USA-OR,,,Tested Western Regionals,38,2025
1544,USPA,2025-06-14,USA-NM,,,Open Transcend the Bar Albuquerque Classic,8,2025
1545,USPA,2025-06-14,USA-IL,,,Tested Mad Max Lifts,21,2025
1546,USPA,2025-06-14,USA-IL,,,Open Mad Max Lifts,11,2025
1547,USPA,2025-06-14,USA-MT,,,Tested Giants Awakening,15,2025
1548,USPA,2025-06-14,USA-OR,,,Open Western Regionals,23,2025
1549,USPA,2025-06-08,USA-CA,,,Tested We Are Strong NASPOWER Powerlifting Championships,34,2025
1550,USPA,2025-06-08,USA-CA,,,Open We are Strong,7,2025
1551,USPA,2025-06-07,USA-FL,,,Tested Tampa Strong,36,2025
1552,USPA,2025-06-07,USA-GA,,,Tested The Iron Beast,18,2025
1553,USPA,2025-06-07,USA-GA,,,The Iron Beast,10,2025
1554,USPA,2025-06-07,USA-MS,,,Tested Battle on the Backwater,44,2025
1555,USPA,2025-06-07,USA-FL,,,Tampa Strong Open,20,2025
1556,USPA,2025-06-07,USA-MS,,,Open Battle on the Backwater,12,2025
1557,USPA,2025-06-07,USA-RI,,,Tested RI State Championship,24,2025
1558,USPA,2025-06-07,USA-CO,,,Open Fray for the Fallen,5,2025
1559,USPA,2025-06-07,USA-CO,,,Tested Fray for the Fallen,22,2025
1560,USPA,2025-06-07,USA-LA,,,Tested G&M Powerhouse Juniors Open,23,2025
1561,USPA,2025-05-31,USA-CA,,,Tested Marysville Classic,10,2025
1562,USPA,2025-05-31,USA-VA,,,Open Colonial Clash,3,2025
1563,USPA,2025-05-31,USA-AL,,,Open Back to Bama Barbell Bash,7,2025
1564,USPA,2025-05-31,USA-AL,,,Tested Back to Bama Barbell Bash,21,2025
1565,USPA,2025-05-31,USA-CA,,,Open Marysville Classic,3,2025
1566,USPA,2025-05-31,USA-VA,,,Tested Colonial Clash,28,2025
1567,USPA,2025-05-31,USA-CA,,,Tested Guillen Gym Battle of the Lifts,15,2025
1568,USPA,2025-05-31,USA-TX,,,Open TSS Classic,16,2025
1569,USPA,2025-05-31,USA-TX,,,Tested TSS Classic,32,2025
1570,USPA,2025-05-31,USA-WA,,,Tested Northwest Power Cup IV,52,2025
1571,USPA,2025-05-25,USA-NY,,,Tested CNY Open,32,2025
1572,USPA,2025-05-25,USA-NY,,,Open CNY Open,10,2025
1573,USPA,2025-05-24,USA-TX,,,Tested Strongest in Texas,18,2025
1574,USPA,2025-05-24,USA-AK,,,Tested Alaska State Championship,13,2025
1575,USPA,2025-05-24,USA-AK,,,Open Alaska State Championship,9,2025
1576,USPA,2025-05-24,USA-TX,,,Open Strongest Meet in Texas,16,2025
1577,USPA,2025-05-17,USA-CA,,,Open Metroflex Classic,16,2025
1578,USPA,2025-05-17,USA-NJ,,,Open NJ State Championship,6,2025
1579,USPA,2025-05-17,USA-CA,,,Tested Metroflex Classic,30,2025
1580,USPA,2025-05-17,USA-OR,,,Open Munsey Mash,15,2025
1581,USPA,2025-05-17,USA-NC,,,Iron of the Galaxy,14,2025
1582,USPA,2025-05-17,USA-NJ,,,Tested NJ State Championship,26,2025
1583,USPA,2025-05-17,USA-GA,,,Relentless Power Classic,11,2025
1584,USPA,2025-05-17,USA-GA,,,Tested Relentless Power Classic,13,2025
1585,USPA,2025-05-17,USA-NC,,,Tested Iron of the Galaxy,33,2025
1586,USPA,2025-05-17,USA-OR,,,Tested Munsey Mash,28,2025
1587,USPA,2025-05-10,USA-NV,,,Open Vegas Coalition,4,2025
1588,USPA,2025-05-10,USA-MA,,,Open Be Awesome 2nd Birthday Showdown,5,2025
1589,USPA,2025-05-10,USA-PA,,,Tested Pittsburgh Power & Fitness Expo,52,2025
1590,USPA,2025-05-10,USA-NV,,,Tested Vegas Coalition,54,2025
1591,USPA,2025-05-10,USA-MA,,,Tested Be Awesome 2nd Birthday Showdown,10,2025
1592,USPA,2025-05-10,USA-CA,,,Tested Coachella Classic,25,2025
1593,USPA,2025-05-04,USA-CA,,,LA Open,5,2025
1594,USPA,2025-05-04,USA-CA,,,Tested LA Open,16,2025
1595,USPA,2025-05-03,USA-SC,,,Holy Armageddon 3,7,2025
1596,USPA,2025-05-03,USA-WA,,,Tested Cinco de Mayo Rumble,40,2025
1597,USPA,2025-05-03,USA-SC,,,Tested Holy Armageddon 3,28,2025
1598,USPA,2025-05-03,USA-WA,,,Cinco de Mayo Rumble,11,2025
1599,USPA,2025-05-03,USA-WY,,,Open Wyoming State Championships,12,2025
1600,USPA,2025-05-03,USA-GA,,,Tested Iron Wars 5,30,2025
1601,USPA,2025-05-03,USA-MT,,,Tested Montana State Championships,45,2025
1602,USPA,2025-05-03,USA-WY,,,Tested Wyoming State Championships,47,2025
1603,USPA,2025-05-03,USA-GA,,,Iron Wars 5,1,2025
1604,USPA,2025-05-03,USA-MT,,,Open Montana State Championship,6,2025
1605,USPA,2025-04-26,USA-VA,,,Tested River City Rumble,30,2025
1606,USPA,2025-04-26,USA-VA,,,River City Rumble,22,2025
1607,USPA,2025-04-26,USA-TX,,,Tested Texas State Championships,31,2025
1608,USPA,2025-04-26,USA-MO,,,The Barbell Games,55,2025
1609,USPA,2025-04-26,USA-MN,,,The GYM 365 Open,54,2025
1610,USPA,2025-04-26,USA-TX,,,Open Texas State Championships,25,2025
1611,USPA,2025-04-26,USA-ME,,,Open Shogun Showdown II,11,2025
1612,USPA,2025-04-26,USA-KS,,,Open Kansas State Powerlifting Championships,14,2025
1613,USPA,2025-04-26,USA-ME,,,Tested Shogun Showdown II,36,2025
1614,USPA,2025-04-26,USA-KS,,,Tested Kansas State Powerlifting Championships,53,2025
1615,USPA,2025-04-24,USA-LA,,,Tested Junior Nationals,146,2025
1616,USPA,2025-04-19,USA-IL,,,Tested Chaos in the Windy City 4,21,2025
1617,USPA,2025-04-19,USA-ID,,,Tested Valor Powerlifting Classic,8,2025
1618,USPA,2025-04-19,USA-OK,,,Open Oklahoma State Championships,17,2025
1619,USPA,2025-04-19,USA-CA,,,Open Liz Freel Classic,18,2025
1620,USPA,2025-04-19,USA-CA,,,Tested Liz Freel Classic,45,2025
1621,USPA,2025-04-19,USA-OR,,,Tested Outlaw Open,37,2025
1622,USPA,2025-04-19,USA-OR,,,Outlaw Open,19,2025
1623,USPA,2025-04-19,USA-IL,,,Open Chaos in the Windy City 4,13,2025
1624,USPA,2025-04-19,USA-OK,,,Tested Oklahoma State Championships,17,2025
1625,USPA,2025-04-19,USA-FL,,,Tested Stadium Deadlift Showdown,11,2025
1626,USPA,2025-04-19,USA-FL,,,Open Stadium Deadlift Showdown,10,2025
1627,USPA,2025-04-13,USA-MA,,,Tested Odin's Spring Clash,12,2025
1628,USPA,2025-04-12,USA-SC,,,Open Tri Fit's April Muscle Meltdown,2,2025
1629,USPA,2025-04-12,USA-AZ,,,Tested ATP Powerlifting Open,34,2025
1630,USPA,2025-04-12,USA-CA,,,Open Santa Clara Strength Fest,7,2025
1631,USPA,2025-04-12,USA-CA,,,Tested Santa Clara Strength Fest,28,2025
1632,USPA,2025-04-12,USA-LA,,,Iron House 7,53,2025
1633,USPA,2025-04-12,USA-RI,,,Texas Power Bars RI State Championship,39,2025
1634,USPA,2025-04-12,USA-SC,,,Tested Tri Fit's April Muscle Meltdown,23,2025
1635,USPA,2025-04-12,USA-AZ,,,ATP Powerlifting Open,22,2025
1636,USPA,2025-04-05,USA-CA,,,Tested Get Bent's Spring Break,41,2025
1637,USPA,2025-04-05,USA-CO,,,Tested Colorado State Championship,46,2025
1638,USPA,2025-04-05,USA-LA,,,Tested Battle of the Belles III,28,2025
1639,USPA,2025-04-05,USA-LA,,,Battle of the Belles III,5,2025
1640,USPA,2025-04-05,USA-GA,,,Tri-Cities Classic,10,2025
1641,USPA,2025-04-05,USA-GA,,,Tested Tri-Cities Classic,24,2025
1642,USPA,2025-04-05,USA-OH,,,Ohio State Championships,79,2025
1643,USPA,2025-04-05,USA-CO,,,Open Colorado State Championship,13,2025
1644,USPA,2025-03-30,USA-NY,,,Tested Rochester Grand Prix,33,2025
1645,USPA,2025-03-30,USA-NY,,,Open Rochester Grand Prix,11,2025
1646,USPA,2025-03-29,USA-NH,,,Tested NH State Championship,14,2025
1647,USPA,2025-03-29,USA-MS,,,Meet at the Mecca 5,17,2025
1648,USPA,2025-03-29,USA-NH,,,Open NH State Championship,2,2025
1649,USPA,2025-03-29,USA-TX,,,Tested Pure Strength Classic,25,2025
1650,USPA,2025-03-29,USA-MS,,,Tested Meet at the Mecca 5,30,2025
1651,USPA,2025-03-22,USA-MA,,,Millennium Lift Off,15,2025
1652,USPA,2025-03-22,USA-FL,,,Tested Margate Madness,32,2025
1653,USPA,2025-03-22,USA-FL,,,Margate Madness,5,2025
1654,USPA,2025-03-22,USA-FL,,,Seminole Strength Showdown 7,29,2025
1655,USPA,2025-03-15,USA-MD,,,Tested Maryland State Championships,17,2025
1656,USPA,2025-03-15,USA-MT,,,Montana High School State Championships,38,2025
1657,USPA,2025-03-15,USA-GA,,,Georgia State Open Meet,10,2025
1658,USPA,2025-03-15,USA-NV,,,Tested Nevada State Championships,32,2025
1659,USPA,2025-03-15,USA-OR,,,Border Wars,4,2025
1660,USPA,2025-03-15,USA-OR,,,Tested Border Wars,23,2025
1661,USPA,2025-03-15,USA-TX,,,Clash of the Barbarians,58,2025
1662,USPA,2025-03-15,USA-TX,,,Outlaw Draw,26,2025
1663,USPA,2025-03-15,USA-CT,,,Tested Celtic Clash,45,2025
1664,USPA,2025-03-15,USA-MD,,,Open Maryland State Championships,2,2025
1665,USPA,2025-03-15,USA-TX,,,Tested Outlaw Draw,24,2025
1666,USPA,2025-03-15,USA-NV,,,Nevada State Championships,6,2025
1667,USPA,2025-03-15,USA-NC,,,Shamrock Showdown,15,2025
1668,USPA,2025-03-15,USA-NC,,,Tested Shamrock Showdown,38,2025
1669,USPA,2025-03-15,USA-MO,,,Tested Ironville Classic,22,2025
1670,USPA,2025-03-15,USA-GA,,,Tested Georgia State Open Meet,25,2025
1671,USPA,2025-03-08,USA-WI,,,Tested Wisconsin State Championships,29,2025
1672,USPA,2025-03-08,USA-UT,,,Tested Utah State Championship,21,2025
1673,USPA,2025-03-08,USA-WA,,,Washington State Championships,15,2025
1674,USPA,2025-03-08,USA-VA,,,Tested Iron Built Invitational Pro-Am,10,2025
1675,USPA,2025-03-08,USA-WA,,,Tested Washington State Championships,41,2025
1676,USPA,2025-03-08,USA-SC,,,Tested March Madness 2,19,2025
1677,USPA,2025-03-08,USA-VA,,,Iron Built Invitational Pro-Am East,7,2025
1678,USPA,2025-03-08,USA-IL,,,Tested Shamrock Showdown,51,2025
1679,USPA,2025-03-08,USA-FL,,,Tested Bending the Bar 9,48,2025
1680,USPA,2025-03-08,USA-FL,,,Bending the Bar 9,24,2025
1681,USPA,2025-03-08,USA-IN,,,Shamrock Showdown,10,2025
1682,USPA,2025-03-01,USA-TX,,,Tested Tomorrow Starts Now,29,2025
1683,USPA,2025-03-01,USA-TX,,,Tomorrow Starts Now,8,2025
1684,USPA,2025-03-01,USA-CA,,,Savage Beginnings Open,19,2025
1685,USPA,2025-03-01,USA-NC,,,Tested Desmond Jordan Classic,51,2025
1686,USPA,2025-02-23,USA-FL,,,Open Battle of the Bay XI,55,2025
1687,USPA,2025-02-22,USA-FL,,,Tested Battle of the Bay XI,110,2025
1688,USPA,2025-02-22,USA-CA,,,Tested California MEGA State Championships Concord,57,2025
1689,USPA,2025-02-22,USA-GA,,,Open Georgia State Powerlifting Championship,7,2025
1690,USPA,2025-02-22,USA-GA,,,Tested Georgia State Powerlifting Championship,20,2025
1691,USPA,2025-02-22,USA-CA,,,Open California MEGA State Championships Vacaville,45,2025
1692,USPA,2025-02-22,USA-KS,,,Trial by Iron VI,30,2025
1693,USPA,2025-02-22,USA-NJ,,,Battle at Atilis IV,6,2025
1694,USPA,2025-02-22,USA-NJ,,,Tested Battle at Atilis IV,28,2025
1695,USPA,2025-02-22,USA-PA,,,Open Pennsylvania State Championships,5,2025
1696,USPA,2025-02-22,USA-PA,,,Tested Pennsylvania State Championships,21,2025
1697,USPA,2025-02-22,USA-TN,,,Tested Mountain Mayhem II,24,2025
1698,USPA,2025-02-22,USA-TN,,,Mountain Mayhem II,6,2025
1699,USPA,2025-02-22,USA-WA,,,Open Dungeon Fitness,10,2025
1700,USPA,2025-02-22,USA-WA,,,Tested Dungeon Fitness Winter Open,21,2025
1701,USPA,2025-02-22,USA-OR,,,Sam Pecktol Big Bastard Clash,11,2025
1702,USPA,2025-02-22,USA-OR,,,Tested Sam Pecktol Big Bastard Clash,32,2025
1703,USPA,2025-02-22,USA-CA,,,Tested California MEGA State Championships Chino Hills,47,2025
1704,USPA,2025-02-22,USA-CA,,,Open California MEGA State Championships Chino Hills,3,2025
1705,USPA,2025-02-22,USA-CA,,,Tested California MEGA State Championships Delano,18,2025
1706,USPA,2025-02-22,USA-CA,,,Open California MEGA State Championships Delano,3,2025
1707,USPA,2025-02-16,USA-NY,,,Open Winter Classic,6,2025
1708,USPA,2025-02-16,USA-NY,,,Tested Winter Classic,17,2025
1709,USPA,2025-02-15,USA-IN,,,Tested Kupids Iron Throwdown,11,2025
1710,USPA,2025-02-15,USA-OK,,,Tested Sweetheart Strength Showdown,16,2025
1711,USPA,2025-02-15,USA-LA,,,Tested Shreveport Ratchet Rumble II,13,2025
1712,USPA,2025-02-15,USA-LA,,,Shreveport Ratchet City Rumble II,1,2025
1713,USPA,2025-02-15,USA-AZ,,,Tested Arizona Open,50,2025
1714,USPA,2025-02-15,USA-IN,,,Open Kupids Iron Throwdown,6,2025
1715,USPA,2025-02-15,USA-OK,,,Open Sweetheart Strength Showdown,19,2025
1716,USPA,2025-02-09,USA-MI,,,Michigan State Championships,7,2025
1717,USPA,2025-02-08,USA-WA,,,Rumble on the Rubicon,14,2025
1718,USPA,2025-02-08,USA-OR,,,Tested Pacific Northwest Championship,21,2025
1719,USPA,2025-02-08,USA-CO,,,Open Love at The Bar,6,2025
1720,USPA,2025-02-08,USA-MI,,,Tested Michigan State Championships,30,2025
1721,USPA,2025-02-08,USA-CO,,,Tested Love at The Bar,19,2025
1722,USPA,2025-02-08,USA-TX,,,Queens of Iron,5,2025
1723,USPA,2025-02-08,USA-TX,,,Tested Queens of Iron,7,2025
1724,USPA,2025-02-08,USA-WA,,,Tested Rumble on the Rubicon II,28,2025
1725,USPA,2025-02-01,USA-NJ,,,Texas Power Bar Winter Showdown,33,2025
1726,USPA,2025-02-01,USA-MT,,,Tested Big Sky Winter Classic,49,2025
1727,USPA,2025-02-01,USA-TX,,,10th Annual Goliath Classic,9,2025
1728,USPA,2025-02-01,USA-TX,,,Tested 10th Annual Goliath Classic,17,2025
1729,USPA,2025-02-01,USA-WI,,,Swoleman and Swolewoman Classic IV,36,2025
1730,USPA,2025-02-01,USA-CA,,,Tested Inland Empire Battle of the Best,28,2025
1731,USPA,2025-01-25,USA-CA,,,Open American Cup at the LA Fit Expo,7,2025
1732,USPA,2025-01-25,USA-TN,,,Tested No One Fights Alone,19,2025
1733,USPA,2025-01-25,USA-TN,,,No One Fights Alone,6,2025
1734,USPA,2025-01-25,USA-CA,,,Tested Camp Pendleton Open,32,2025
1735,USPA,2025-01-25,USA-CA,,,Tested American Cup at the LA Fit Expo,23,2025
1736,USPA,2025-01-19,USA-CA,,,Tested NASPOWER Cup Championship,12,2025
1737,USPA,2025-01-19,USA-CA,,,NASPOWER Cup Championship,10,2025
1738,USPA,2025-01-18,USA-KS,,,Tested Grit and Grace Championships,19,2025
1739,USPA,2025-01-18,USA-KS,,,Grit and Grace Championships,5,2025
1740,USPA,2025-01-18,USA-MS,,,Revolution Fitness Powerlifting Championships,29,2025
1741,USPA,2025-01-18,USA-MS,,,Tested Revolution Fitness Powerlifting Championships,54,2025
1742,USPA,2025-01-11,USA-MT,,,Berserkers Banquet,11,2025
1743,USPA,2025-01-11,USA-MT,,,Tested Berserkers Banquet,8,2025
1744,USPA,2025-01-04,USA-TX,,,David Mills Classic,17,2025
1745,USPA,2025-01-04,USA-TX,,,Tested David Mills Classic,20,2025
1746,USPA,2024-12-15,USA-FL,,,Battle of the Badges 2,5,2024
1747,USPA,2024-12-15,USA-FL,,,Tested Battle of the Badges 2,7,2024
1748,USPA,2024-12-15,USA-GA,,,Winter Classic,14,2024
1749,USPA,2024-12-15,USA-IN,,,Tested Hoosier State Championships Pt. 2,20,2024
1750,USPA,2024-12-15,USA-IN,,,Hoosier State Championships Pt. 2,6,2024
1751,USPA,2024-12-14,USA-FL,,,Masters of Iron 3,6,2024
1752,USPA,2024-12-14,USA-CA,,,Doug Carroll Classic,45,2024
1753,USPA,2024-12-14,USA-RI,,,Tested Powerella,19,2024
1754,USPA,2024-12-14,USA-RI,,,Powerella,4,2024
1755,USPA,2024-12-14,USA-CA,,,Tested Metroflex Winter Classic,49,2024
1756,USPA,2024-12-14,USA-GA,,,Tested Winter Classic,28,2024
1757,USPA,2024-12-14,USA-FL,,,Tested Masters of Iron 3,28,2024
1758,USPA,2024-12-08,USA-HI,,,Tested Winter Classic in the Valley,30,2024
1759,USPA,2024-12-08,USA-NC,,,The Blue Ridge Classic,11,2024
1760,USPA,2024-12-07,USA-MT,,,Tested Rumble in the Big Sky,38,2024
1761,USPA,2024-12-07,USA-MT,,,Rumble in the Big Sky,6,2024
1762,USPA,2024-12-07,USA-WA,,,Sleighin Weights,13,2024
1763,USPA,2024-12-07,USA-CO,,,Tested Snowball Open,30,2024
1764,USPA,2024-12-07,USA-CO,,,Snowball Open,12,2024
1765,USPA,2024-12-07,USA-KS,,,Iron Maidens of the Midwest,29,2024
1766,USPA,2024-12-07,USA-IL,,,Tested A Liftmas Story,18,2024
1767,USPA,2024-12-07,USA-CA,,,Tested Santa Cruz Final Showdown,41,2024
1768,USPA,2024-12-07,USA-OH,,,9 Attempts Before Christmas,21,2024
1769,USPA,2024-12-07,USA-OH,,,Tested 9 Attempts Before Christmas,34,2024
1770,USPA,2024-12-07,USA-NV,,,Tested Smash Iron Fitness Open,50,2024
1771,USPA,2024-12-07,USA-MO,,,Winter Showdown,28,2024
1772,USPA,2024-12-07,USA-NC,,,Tested The Blue Ridge Classic,25,2024
1773,USPA,2024-12-07,USA-OR,,,Tested Oregon State Championships,43,2024
1774,USPA,2024-12-07,USA-OR,,,Oregon State Championships,29,2024
1775,USPA,2024-12-07,USA-TX,,,Bend the Bar,40,2024
1776,USPA,2024-12-07,USA-TX,,,Tested Bend the Bar,45,2024
1777,USPA,2024-12-07,USA-MA,,,Western Mass Winter Blast,19,2024
1778,USPA,2024-12-07,USA-WA,,,Tested Sleighin Weights,32,2024
1779,USPA,2024-12-01,USA-KY,,,Kentucky State Championship,50,2024
1780,USPA,2024-11-24,USA-NY,,,New York State Championships,24,2024
1781,USPA,2024-11-23,USA-LA,,,Tested Battleborn Championship,61,2024
1782,USPA,2024-11-23,USA-CA,,,Tested Attack on Barbell,45,2024
1783,USPA,2024-11-23,USA-VA,,,VA State Championship,26,2024
1784,USPA,2024-11-23,USA-FL,,,Tested Miami Throwdown,34,2024
1785,USPA,2024-11-23,USA-VA,,,Tested Iron Built Holiday Havoc 2,39,2024
1786,USPA,2024-11-23,USA-FL,,,Miami Throwdown November,41,2024
1787,USPA,2024-11-17,USA-WA,,,Tested DOP Strength Throwdown,29,2024
1788,USPA,2024-11-17,USA-WA,,,DOP Strength Throwdown,9,2024
1789,USPA,2024-11-17,USA-OH,,,Ohio Valley Classic,16,2024
1790,USPA,2024-11-17,USA-OH,,,Tested Ohio Valley Classic,34,2024
1791,USPA,2024-11-16,USA-NC,,,Jack Kings Gym Powerlifting Championship,15,2024
1792,USPA,2024-11-16,USA-MA,,,Tested General Fitness Open,22,2024
1793,USPA,2024-11-16,USA-NC,,,Tested Jack Kings Gym Powerlifting Championship,31,2024
1794,USPA,2024-11-16,USA-FL,,,Lord of the Platform,94,2024
1795,USPA,2024-11-10,USA-AZ,,,Driven Strength Arizona State Championships,18,2024
1796,USPA,2024-11-09,USA-UT,,,StrengthX Grand Prix and North American Multi-ply Championship,12,2024
1797,USPA,2024-11-09,USA-UT,,,Tested StrengthX Grand Prix and Multi-ply Championships,11,2024
1798,USPA,2024-11-09,USA-AZ,,,Tested Driven Strength Arizona State Championships,50,2024
1799,USPA,2024-11-09,USA-NH,,,Tested Fall Brawl,15,2024
1800,USPA,2024-11-09,USA-TX,,,Tested Legends of the Pit,36,2024
1801,USPA,2024-11-09,USA-NH,,,Fall Brawl,3,2024
1802,USPA,2024-11-03,USA-IN,,,Indiana State Championship Pt. 1,2,2024
1803,USPA,2024-11-03,USA-MI,,,Tested Wolverine Open,10,2024
1804,USPA,2024-11-03,USA-MI,,,Wolverine Open,6,2024
1805,USPA,2024-11-03,USA-IN,,,Tested Indiana State Championship Pt. 1,18,2024
1806,USPA,2024-11-02,USA-TX,,,Central Texas Showdown presented by Iron Rebel,23,2024
1807,USPA,2024-11-02,USA-TX,,,Tested Central Texas Showdown presented by Iron Rebel,23,2024
1808,USPA,2024-11-02,USA-LA,,,Tested NorthShore Power Royale 5,15,2024
1809,USPA,2024-11-02,USA-KS,,,Tested Best of the Midwest Powerlifting Championships,43,2024
1810,USPA,2024-10-26,USA-TX,,,Unleash The Beast,56,2024
1811,USPA,2024-10-26,USA-ME,,,Texas Power Bars Maine State Champonships,45,2024
1812,USPA,2024-10-26,USA-CO,,,Boobies and Barbells II,28,2024
1813,USPA,2024-10-26,USA-CA,,,Tested Jack O'Lantern Powerlifting Meet,61,2024
1814,USPA,2024-10-26,USA-CT,,,Strongest Meet in New England 2,39,2024
1815,USPA,2024-10-21,USA-UT,,,Drug Tested High School Utah State Championship,10,2024
1816,USPA,2024-10-19,USA-OK,,,Tested Trinity of Terror Clash,14,2024
1817,USPA,2024-10-19,USA-AZ,,,Drug Tested Tucson Strength Classic,26,2024
1818,USPA,2024-10-19,USA-CA,,,Iron Addicts Powerlifting Meet,12,2024
1819,USPA,2024-10-19,USA-SC,,,Tested Day of the Dead V,27,2024
1820,USPA,2024-10-19,USA-CA,,,Untamed Strength Classic,46,2024
1821,USPA,2024-10-19,USA-CA,,,Tested Desert Strength Showdown,32,2024
1822,USPA,2024-10-19,USA-ID,,,Tested Idaho State Championships,9,2024
1823,USPA,2024-10-12,USA-MS,,,Meet at the Mecca 4,24,2024
1824,USPA,2024-10-12,USA-IN,,,Strength for Survivors II,17,2024
1825,USPA,2024-10-12,USA-WA,,,Pumpkin Power Classic,34,2024
1826,USPA,2024-10-12,USA-WI,,,Tested King and Queen of Wisconsin,36,2024
1827,USPA,2024-10-12,USA-MO,,,Tested Red White and Blue Championships,20,2024
1828,USPA,2024-10-12,USA-IN,,,Tested Strength For Survivors II,29,2024
1829,USPA,2024-10-12,USA-CA,,,Tested Gas Break Lift,38,2024
1830,USPA,2024-10-06,USA-CA,,,Tested Our Gym,21,2024
1831,USPA,2024-10-05,USA-CA,,,The Meet 2: Slaughter Your Total,7,2024
1832,USPA,2024-10-05,USA-VA,,,Iron Crucible at RVA,12,2024
1833,USPA,2024-10-05,USA-TX,,,Tested Alchemy Iron Classic,26,2024
1834,USPA,2024-10-05,USA-TX,,,Alchemy Iron Classic,21,2024
1835,USPA,2024-10-05,USA-CA,,,Tested The Meet 2,49,2024
1836,USPA,2024-10-05,USA-NJ,,,Atilis Classic,23,2024
1837,USPA,2024-09-29,USA-NY,,,Tested Legends Never Die,36,2024
1838,USPA,2024-09-29,USA-NY,,,Legends Never Die,6,2024
1839,USPA,2024-09-28,USA-DE,,,Tested Battle at the Beach,9,2024
1840,USPA,2024-09-28,USA-TX,,,Iron Compound South Texas Showdown,22,2024
1841,USPA,2024-09-28,USA-TX,,,Tested Iron Compound South Texas Showdown,26,2024
1842,USPA,2024-09-28,USA-AZ,,,Tested Driven Strength Southwest Masters Regionals,15,2024
1843,USPA,2024-09-28,USA-AZ,,,Driven Strength Southwest Masters Regional,11,2024
1844,USPA,2024-09-28,USA-MA,,,Tested Texas Power Bars Fall Out,23,2024
1845,USPA,2024-09-28,USA-DE,,,Battle at the Beach,8,2024
1846,USPA,2024-09-21,USA-WA,,,Tested PNW Fall Classic VII,37,2024
1847,USPA,2024-09-21,USA-CT,,,Powerella presented by Texas Power Bars,30,2024
1848,USPA,2024-09-21,USA-OH,,,Antonio Thomas Memorial,29,2024
1849,USPA,2024-09-15,USA-KS,,,Tested Lawrence Classic Powerlifting Championships,9,2024
1850,USPA,2024-09-15,USA-KS,,,Lawrence Classic Powerlifting Championships,15,2024
1851,USPA,2024-09-14,USA,,,Tested Iron Built Games,264,2024
1852,USPA,2024-09-14,USA,,,Iron Built Games,154,2024
1853,USPA,2024-09-08,USA-FL,,,Florida State Championship,43,2024
1854,USPA,2024-09-07,USA-CA,,,Tested SoCal Championships,17,2024
1855,USPA,2024-09-07,USA-NV,,,Desert Rampage,6,2024
1856,USPA,2024-09-07,USA-GA,,,Clang & Bang 6,28,2024
1857,USPA,2024-09-07,USA-OH,,,Tested Tillison Warehouse War IV,45,2024
1858,USPA,2024-09-07,USA-NY,,,New York Fall Brawl,4,2024
1859,USPA,2024-09-07,USA-NV,,,Tested Desert Rampage,23,2024
1860,USPA,2024-09-07,USA-NY,,,Tested New York Fall Brawl,25,2024
1861,USPA,2024-09-07,USA-FL,,,Drug Tested Florida State Championship,87,2024
1862,USPA,2024-08-31,USA-OR,,,Tested Summer Showdown,37,2024
1863,USPA,2024-08-31,USA-GA,,,Queens of the South,7,2024
1864,USPA,2024-08-31,USA-GA,,,Tested Queens of the South,9,2024
1865,USPA,2024-08-24,USA-CA,,,Battle at THE GYM,29,2024
1866,USPA,2024-08-24,USA-UT,,,Tested Hurricane Valley Open,11,2024
1867,USPA,2024-08-24,USA-CA,,,Surf City Open,46,2024
1868,USPA,2024-08-24,USA-ME,,,Tested Battle at the Capital,30,2024
1869,USPA,2024-08-24,USA-ME,,,Battle at the Capital,16,2024
1870,USPA,2024-08-24,USA-WA,,,Evergreen State Open,37,2024
1871,USPA,2024-08-24,USA-TX,,,Tested Battle of the Legends,39,2024
1872,USPA,2024-08-24,USA-CA,,,Tested SOCAL SHOWCASE,13,2024
1873,USPA,2024-08-24,USA-TX,,,Battle of the Legends,17,2024
1874,USPA,2024-08-24,USA-CA,,,SOCAL SHOWCASE,4,2024
1875,USPA,2024-08-24,USA-LA,,,Tested Louisiana State Championship,41,2024
1876,USPA,2024-08-17,USA-OR,,,Tested Hells Canyon Showdown,34,2024
1877,USPA,2024-08-17,USA-OR,,,Hells Canyon Showdown,6,2024
1878,USPA,2024-08-17,USA-CA,,,Tested Anaheim Fit Expo,71,2024
1879,USPA,2024-08-17,USA-OH,,,Tested Ladies Night at the Bar,25,2024
1880,USPA,2024-08-17,USA-NC,,,Tested North Carolina State Championships,51,2024
1881,USPA,2024-08-17,USA-OH,,,Ladies Night at the Bar,7,2024
1882,USPA,2024-08-17,USA-MO,,,Xcel Summer Mayhem,3,2024
1883,USPA,2024-08-17,USA-MO,,,Tested Xcel Summer Mayhem,11,2024
1884,USPA,2024-08-17,USA-KS,,,Midwest High School Championships,22,2024
1885,USPA,2024-08-17,USA-VA,,,Tested Texas Power Bars VA State Championship,37,2024
1886,USPA,2024-08-10,USA-TN,,,Tested Tri-Cities Throwdown II,21,2024
1887,USPA,2024-08-10,USA-IN,,,Tested End of Summer Bash,20,2024
1888,USPA,2024-08-10,USA-TX,,,Battle at the Top,24,2024
1889,USPA,2024-08-10,USA-CA,,,Fuerza Gym Ride the Lightning,38,2024
1890,USPA,2024-08-10,USA-WI,,,Tested Dairy State Open,15,2024
1891,USPA,2024-08-10,USA-TX,,,Tested Battle at the Top,21,2024
1892,USPA,2024-08-10,USA-IN,,,End of Summer Bash,5,2024
1893,USPA,2024-08-04,USA-MS,,,Mississippi State Powerlifting Championships,23,2024
1894,USPA,2024-08-03,USA-CO,,,Spartan Classic III,29,2024
1895,USPA,2024-08-03,USA-CO,,,Tested Spartan Classic III,30,2024
1896,USPA,2024-08-03,USA-MS,,,Tested Mississippi State Powerlifting Championships,43,2024
1897,USPA,2024-08-03,USA-OR,,,The Klamath Basin Leprechaun Rumble,7,2024
1898,USPA,2024-08-03,USA-OR,,,Tested The Klamath Basin Leprechaun Rumble,14,2024
1899,USPA,2024-08-03,USA-CA,,,Tested Powercrush Summer of Strength,81,2024
1900,USPA,2024-07-27,USA-TN,,,Kilos for a Cure,4,2024
1901,USPA,2024-07-27,USA-UT,,,Masters Rocky Mountain Regional Championships,17,2024
1902,USPA,2024-07-27,USA-TN,,,Tested Kilos for a Cure,7,2024
1903,USPA,2024-07-27,USA-CT,,,Resilient Classic IV at Resilient Training Lab,39,2024
1904,USPA,2024-07-27,USA-FL,,,Tested Iron Knightmare 6,44,2024
1905,USPA,2024-07-27,USA-FL,,,Iron Knightmare 6,69,2024
1906,USPA,2024-07-20,USA-SC,,,Tested South Carolina States,27,2024
1907,USPA,2024-07-20,USA-SC,,,South Carolina States,20,2024
1908,USPA,2024-07-20,USA-CA,,,EVO Sports Sacramento Strength,38,2024
1909,USPA,2024-07-20,USA-AZ,,,Southwest Summer Slam,57,2024
1910,USPA,2024-07-20,USA-MI,,,King of the Jungle,6,2024
1911,USPA,2024-07-20,USA-TX,,,Tested Texas Power Bars Gods of Iron,24,2024
1912,USPA,2024-07-20,USA-RI,,,Tested Rhode Island State Championship,43,2024
1913,USPA,2024-07-20,USA-TX,,,Texas Power Bars Gods of Iron,25,2024
1914,USPA,2024-07-20,USA-MI,,,Tested King of the Jungle,17,2024
1915,USPA,2024-07-13,USA-MI,,,Meta 365 Fitness Open,24,2024
1916,USPA,2024-07-13,USA-HI,,,Tested Valley of the Giants Summer Classic,44,2024
1917,USPA,2024-07-13,USA-WA,,,Tested Powermania,35,2024
1918,USPA,2024-07-13,USA-WA,,,Powermania,7,2024
1919,USPA,2024-07-13,USA-LA,,,Kabuki Force Unleashed Louisiana State Championships,18,2024
1920,USPA,2024-07-13,USA-MA,,,Summer Showdown,13,2024
1921,USPA,2024-07-13,USA-GA,,,Tested Iron Wars 4,29,2024
1922,USPA,2024-07-12,USA-UT,,,Multi-ply National Championships,9,2024
1923,USPA,2024-07-06,USA-OR,,,Tested Capital City Showdown,12,2024
1924,USPA,2024-07-06,USA-OR,,,Capital City Showdown,3,2024
1925,USPA,2024-07-06,USA-CA,,,Tested Cursed Barbell,19,2024
1926,USPA,2024-07-06,USA-CA,,,Cursed Barbell,3,2024
1927,USPA,2024-07-06,USA-TX,,,Tested Pioneer Open,41,2024
1928,USPA,2024-06-29,USA-AZ,,,Tested Driven Strength Kilo Klash,29,2024
1929,USPA,2024-06-24,USA-NV,,,Tested National Championships,669,2024
1930,USPA,2024-06-22,USA-CA,,,Mid Cal Championship,26,2024
1931,USPA,2024-06-22,USA-CA,,,Smash Weight Open X,28,2024
1932,USPA,2024-06-22,USA-UT,,,Tested Juniors & Teen Mountain West Regional Championship,28,2024
1933,USPA,2024-06-15,USA-OR,,,Tested Western Regionals,48,2024
1934,USPA,2024-06-15,USA-OR,,,Western Regionals,29,2024
1935,USPA,2024-06-15,USA-WI,,,Tested Fry's Family Fitness Open,16,2024
1936,USPA,2024-06-15,USA-MT,,,Tested Take Back the Power,40,2024
1937,USPA,2024-06-13,USA-NY,,,National Championships,226,2024
1938,USPA,2024-06-08,USA-GA,,,Tested Savannah River Rumble,20,2024
1939,USPA,2024-06-08,USA-TX,,,Goliath Strength Classic,11,2024
1940,USPA,2024-06-08,USA-TX,,,Tested Goliath Strength Classic,19,2024
1941,USPA,2024-06-08,USA-FL,,,River City Barbell Battle,31,2024
1942,USPA,2024-06-01,USA-OK,,,Tested Rise of the Phoenix Open,20,2024
1943,USPA,2024-06-01,USA-OK,,,Rise of the Phoenix Open,29,2024
1944,USPA,2024-06-01,USA-LA,,,Tested G&M Powerhouse Open,36,2024
1945,USPA,2024-06-01,USA-CA,,,Tested Guillen Gym Powerlifting Meet,21,2024
1946,USPA,2024-06-01,USA-CA,,,Masters of Strength,26,2024
1947,USPA,2024-05-26,USA-CA,,,Tested Ikaika Warrior Championship,39,2024
1948,USPA,2024-05-25,USA-CO,,,Fray for the Fallen,43,2024
1949,USPA,2024-05-19,USA-WA,,,Washington State Championships,20,2024
1950,USPA,2024-05-19,USA-MS,,,Battle on the Backwater,17,2024
1951,USPA,2024-05-18,USA-AK,,,Alaska State Championship,11,2024
1952,USPA,2024-05-18,USA-AK,,,Tested Alaska State Championship,31,2024
1953,USPA,2024-05-18,USA-WA,,,Tested Kabuki Summer Kickoff,29,2024
1954,USPA,2024-05-18,USA-CA,,,Tested Metroflex Classic,52,2024
1955,USPA,2024-05-18,USA-MS,,,Tested Battle on the Backwater,49,2024
1956,USPA,2024-05-18,USA-WA,,,Tested Emerald City Classic,48,2024
1957,USPA,2024-05-18,USA-GA,,,Relentless Power Classic,23,2024
1958,USPA,2024-05-12,USA-MT,,,Montana State Championship,11,2024
1959,USPA,2024-05-11,USA-TX,,,Scarlet Showdown,31,2024
1960,USPA,2024-05-11,USA-NY,,,Tested WNY Championship,8,2024
1961,USPA,2024-05-11,USA-OR,,,Tested Munsey Mash,26,2024
1962,USPA,2024-05-11,USA-WI,,,Twisted Fitness Open II,37,2024
1963,USPA,2024-05-11,USA-NY,,,WNY Championships,5,2024
1964,USPA,2024-05-11,USA-NC,,,Moving Mountains at the Pit,29,2024
1965,USPA,2024-05-11,USA-MT,,,Tested Montana State Championship,54,2024
1966,USPA,2024-05-05,USA-HI,,,Year of the Mana,14,2024
1967,USPA,2024-05-05,USA-HI,,,Tested Year of the Mana,29,2024
1968,USPA,2024-05-04,USA-OH,,,Tested Ohio State Championship,49,2024
1969,USPA,2024-05-04,USA-GA,,,Tested Beast Mode Powerlifting Championship,26,2024
1970,USPA,2024-05-04,USA-WA,,,Cinco De Mayo Classic,14,2024
1971,USPA,2024-05-04,USA-IN,,,Tested Strong Wars: Return of the Powerlifter,33,2024
1972,USPA,2024-05-04,USA-MA,,,Tested Be Strong Powerlifting Meet,27,2024
1973,USPA,2024-05-04,USA-OH,,,Bar Wars,54,2024
1974,USPA,2024-05-04,USA-CA,,,Tested Kanemoto Classic,34,2024
1975,USPA,2024-04-28,USA-KY,,,Iron Rebel Rampage,27,2024
1976,USPA,2024-04-28,USA-CA,,,Tested OUR GYM Powerlifting Meet,25,2024
1977,USPA,2024-04-27,USA-NC,,,Tested Mountain Madness,50,2024
1978,USPA,2024-04-27,USA-OR,,,Outlaw Open,53,2024
1979,USPA,2024-04-27,USA-WY,,,Tested Wyoming State Championship,44,2024
1980,USPA,2024-04-27,USA-MS,,,Tested Premiere Fitness Championships 2,39,2024
1981,USPA,2024-04-27,USA-NJ,,,Tested NJ State Championship,49,2024
1982,USPA,2024-04-27,USA-IL,,,Chaos in the Windy City 3,22,2024
1983,USPA,2024-04-27,USA-WY,,,Wyoming State Championship,13,2024
1984,USPA,2024-04-27,USA-SC,,,Holy City Armageddon,33,2024
1985,USPA,2024-04-21,USA-FL,,,Tested D1 Strength Classic,49,2024
1986,USPA,2024-04-21,USA-MO,,,Bad Boys Go Hard or Go Home,2,2024
1987,USPA,2024-04-21,USA-MI,,,Viking Open,22,2024
1988,USPA,2024-04-21,USA-MO,,,Tested Bad Boys Go Hard or Go Home,21,2024
1989,USPA,2024-04-20,USA-ME,,,Tested Kalibrated Kombat Presented by Jacked & Jilled,54,2024
1990,USPA,2024-04-20,USA-MA,,,Mass Iron Biggest Bench,7,2024
1991,USPA,2024-04-20,USA-LA,,,Iron House Open,59,2024
1992,USPA,2024-04-20,USA-CA,,,Tested Liz Freel Classic,36,2024
1993,USPA,2024-04-20,USA-GA,,,Tested Rumble in the Jungle,20,2024
1994,USPA,2024-04-20,USA-TX,,,Texas State Championships,26,2024
1995,USPA,2024-04-20,USA-CA,,,Liz Freel Classic,20,2024
1996,USPA,2024-04-20,USA-CA,,,Strength Fest at EVO Sports Expo,41,2024
1997,USPA,2024-04-13,USA-LA,,,Tested High School Nationals,98,2024
1998,USPA,2024-04-13,USA-LA,,,High School Nationals,2,2024
1999,USPA,2024-04-13,USA-WI,,,Tested Midwest Regionals,45,2024
2000,USPA,2024-04-13,USA-GA,,,Tri-City Powerlifting Championship,22,2024
2001,IPF,2026-08-18,South Africa,,,World Sub-Junior and Junior Powerlifting Championships,499,2026
2002,IPF,2026-06-13,Lithuania,,,World Classic Powerlifting Championships,355,2026
2003,IPF,2026-05-23,Poland,,,World Classic & Equipped Bench Press Championships,1195,2026
2004,IPF,2026-01-31,UK,,,Sheffield Powerlifting Championships,24,2026
2005,IPF,2025-11-10,Romania,,,World Open Equipped Powerlifting Championships,197,2025
2006,IPF,2025-10-10,South Africa,,,World Classic & Equipped Masters Powerlifting Championships,438,2025
2007,IPF,2025-08-25,Costa Rica,,,World Junior and Sub-Juniors Powerlifting Championships,622,2025
2008,IPF,2025-08-14,China,,,World Games,119,2025
2009,IPF,2025-07-16,Türkiye,,,World University Powerlifting Cup,155,2025
2010,IPF,2025-06-08,Germany,,,World Classic Powerlifting Championships,393,2025
2011,IPF,2025-05-18,Norway,,,World Classic & Equipped Bench Press Championships,1203,2025
2012,IPF,2025-01-26,UK,,,Sheffield Powerlifting Championships,24,2025
2013,IPF,2024-11-11,Iceland,,,World Open Equipped Powerlifting Championships,238,2024
2014,IPF,2024-10-05,South Africa,,,World Classic & Equipped Masters Powerlifting Championships,442,2024
2015,IPF,2024-08-28,Malta,,,World Junior and Sub-Juniors Powerlifting Championships,717,2024
2016,IPF,2024-07-23,Estonia,,,FISU World University Powerlifting Championships,204,2024
2017,IPF,2024-07-13,Netherlands,,,Euro Muscle Show,48,2024
2018,IPF,2024-06-15,Lithuania,,,World Classic Powerlifting Championships,318,2024
2019,IPF,2024-05-22,USA-TX,,,World Bench Press Championships,817,2024
2020,IPF,2024-03-15,UK,,,Arnold Sports Festival UK,82,2024
2021,IPF,2024-02-10,UK,,,Sheffield Powerlifting Championships,24,2024
2022,IPF,2023-11-13,Lithuania,,,World Open Equipped Powerlifting Championships,186,2023
2023,IPF,2023-10-31,Slovenia,,,World University Powerlifting Cup,171,2023
2024,IPF,2023-10-08,Mongolia,,,World Masters Classic & Equipped Powerlifting Championships,366,2023
2025,IPF,2023-08-27,Romania,,,World Junior and Sub-Junior Classic Championships,443,2023
2026,IPF,2023-08-24,Romania,,,World Junior and Sub-Junior Equipped Championships,188,2023
2027,IPF,2023-07-18,Lebanon,,,Arab Cup,143,2023
2028,IPF,2023-06-11,Malta,,,World Classic Powerlifting Championships,367,2023
2029,IPF,2023-05-20,South Africa,,,World Classic & Equipped Bench Press Championships,535,2023
2030,IPF,2023-03-25,UK,,,Sheffield Powerlifting Championships,24,2023
2031,IPF,2022-11-14,Denmark,,,World Open Equipped Powerlifting Championships,177,2022
2032,IPF,2022-10-31,Türkiye,,,World University Powerlifting Cup,97,2022
2033,IPF,2022-10-08,Canada-NL,,,World Masters Classic & Equipped Powerlifting Championships,375,2022
2034,IPF,2022-09-23,England,,,Arnold Sports Festival,67,2022
2035,IPF,2022-08-31,Türkiye,,,World Junior Classic Powerlifting Championships,353,2022
2036,IPF,2022-08-27,Türkiye,,,World Junior Equipped Powerlifting Championships,144,2022
2037,IPF,2022-07-08,USA-AL,,,World Games,93,2022
2038,IPF,2022-06-06,South Africa,,,World Classic Powerlifting Championships,238,2022
2039,IPF,2022-05-21,Kazakhstan,,,World Bench Press Championships,457,2022
2040,IPF,2021-11-08,Norway,,,World Powerlifting Championships,205,2021
2041,IPF,2021-10-22,Lithuania,,,World Bench Press Championships,591,2021
2042,IPF,2021-10-03,UK,,,Arnold UK Bench Press,18,2021
2043,IPF,2021-10-03,UK,,,Arnold UK,7,2021
2044,IPF,2021-09-23,Sweden,,,World Classic Powerlifting Championships,671,2021
2045,IPF,2021-08-23,Romania,,,World Juniors Sub-Juniors & Masters Championships,186,2021
2046,IPF,2021-07-08,Lithuania,,,World University Powerlifting Cup,54,2021
2047,IPF,2019-11-18,UAE,,,World Powerlifting Championships,224,2019
2048,IPF,2019-10-07,South Africa,,,World Masters Powerlifting Championships,151,2019
2049,IPF,2019-08-26,Canada-SK,,,World Juniors & Sub-Juniors Championships,137,2019
2050,IPF,2019-07-22,Estonia,,,University Powerlifting Cup,206,2019
2051,IPF,2019-06-04,Sweden,,,World Classic Powerlifting Championships,923,2019
2052,IPF,2019-05-18,Japan,,,World Bench Press Championships,883,2019
2053,IPF,2019-01-27,Iceland,,,Reykjavík International Games,17,2019
2054,IPF,2018-11-05,Sweden,,,World Powerlifting Championships,175,2018
2055,IPF,2018-10-02,Mongolia,,,World Masters Powerlifting Championships,166,2018
2056,IPF,2018-09-03,South Africa,,,World Juniors & Sub-Juniors Championships,170,2018
2057,IPF,2018-07-09,Czechia,,,3rd World University Powerlifting Cup,176,2018
2058,IPF,2018-06-06,Canada,,,World Classic Powerlifting Championships,695,2018
2059,IPF,2018-05-14,Finland,,,World Classic Bench Press Championships,552,2018
2060,IPF,2018-04-23,South Africa,,,World Bench Press Championships,310,2018
2061,IPF,2018-01-28,Iceland,,,Reykjavik International Games,16,2018
2062,IPF,2017-11-13,Czechia,,,World Powerlifting Championships,185,2017
2063,IPF,2017-10-01,Sweden,,,World Masters Powerlifting Championships,223,2017
2064,IPF,2017-08-28,USA,,,World Sub-Juniors & Juniors Powerlifting Championships,171,2017
2065,IPF,2017-07-24,Poland,,,World Games,80,2017
2066,IPF,2017-07-10,South Africa,,,World University Powerlifting Cup,91,2017
2067,IPF,2017-06-14,Belarus,,,World Classic Powerlifting Championships,818,2017
2068,IPF,2017-05-22,Lithuania,,,World Bench Press Championships,452,2017
2069,IPF,2017-04-22,USA-TX,,,World Classic Bench Press Championships,327,2017
2070,IPF,2017-01-29,Iceland,,,Reykjavík International Games,16,2017
2071,IPF,2016-11-14,USA,,,World Open Championships,215,2016
2072,IPF,2016-10-03,Estonia,,,World Masters Championships,210,2016
2073,IPF,2016-09-03,Poland,,,World Sub-Juniors & Juniors Powerlifting Championships,222,2016
2074,IPF,2016-07-11,Belarus,,,World University Powerlifting Cup,144,2016
2075,IPF,2016-06-19,USA-TX,,,World Classic Powerlifting Championships,690,2016
2076,IPF,2016-05-15,South Africa,,,World Classic Bench Press Championships,256,2016
2077,IPF,2016-04-19,Denmark,,,World Bench Press Championships,497,2016
2078,IPF,2015-11-09,Luxembourg,,,World Powerlifting Championships,200,2015
2079,IPF,2015-09-28,USA-CO,,,World Masters Powerlifting Championships,163,2015
2080,IPF,2015-08-31,Czechia,,,World Sub-Juniors & Juniors Powerlifting Championships,220,2015
2081,IPF,2015-06-05,Finland,,,World Classic Powerlifting Championships,754,2015
2082,IPF,2015-05-20,Sweden,,,World Bench Press Championships,279,2015
2083,IPF,2015-04-16,USA-CO,,,World Masters Bench Press Championships,153,2015
2084,IPF,2014-11-03,USA-CO,,,World Powerlifting Championships,188,2014
2085,IPF,2014-09-21,Czechia,,,World Masters Powerlifting Championships,216,2014
2086,IPF,2014-09-01,Hungary,,,World Sub-Juniors & Juniors Powerlifting Championships,248,2014
2087,IPF,2014-06-01,South Africa,,,World Classic Powerlifting Championships,498,2014
2088,IPF,2014-05-20,Denmark,,,World Bench Press Championships,287,2014
2089,IPF,2014-04-17,England,,,World Masters Bench Press Championships,263,2014
2090,IPF,2013-11-04,Norway,,,World Powerlifting Championships,181,2013
2091,IPF,2013-09-24,USA-FL,,,World Masters Powerlifting Championships,212,2013
2092,IPF,2013-08-27,USA-TX,,,World Juniors & Sub-Juniors Championships,184,2013
2093,IPF,2013-07-30,Colombia,,,World Games,78,2013
2094,IPF,2013-06-11,Russia-VLA,,,World Classic Powerlifting Championships,284,2013
2095,IPF,2013-05-20,Lithuania,,,World Bench Press Championships,313,2013
2096,IPF,2013-04-18,Czechia,,,World Masters Bench Press Championships,297,2013
2097,IPF,2012-11-10,Puerto Rico,,,World Powerlifting Championships,214,2012
2098,IPF,2012-10-02,USA-TX,,,World Masters Powerlifting Championships,158,2012
2099,IPF,2012-08-28,Poland,,,World Sub-Juniors & Juniors Powerlifting Championships,285,2012
2100,IPF,2012-06-12,Sweden,,,World Classic Powerlifting Cup,168,2012
2101,IPF,2012-05-21,Czechia,,,World Bench Press Championships,309,2012
2102,IPF,2012-04-20,USA-CO,,,World Masters Bench Press Championships,169,2012
2103,IPF,2011-11-08,Czechia,,,World Powerlifting Championships,230,2011
2104,IPF,2011-09-26,Canada-ON,,,World Masters Powerlifting Championships,193,2011
2105,IPF,2011-08-30,Canada-SK,,,World Sub-Juniors & Juniors Powerlifting Championships,215,2011
2106,IPF,2011-05-25,Austria,,,World Bench Press Championships,317,2011
2107,IPF,2011-04-13,Denmark,,,World Masters Bench Press Championships,229,2011
2108,IPF,2010-11-07,South Africa,,,World Powerlifting Championships,203,2010
2109,IPF,2010-09-27,Czechia,,,World Masters Powerlifting Championships,258,2010
2110,IPF,2010-09-27,Czechia,,,World Sub-Juniors & Juniors Powerlifting Championships,319,2010
2111,IPF,2010-05-24,USA-TX,,,World Sub-Juniors & Juniors Bench Press Championships,91,2010
2112,IPF,2010-05-24,USA-TX,,,World Bench Press Championships,126,2010
2113,IPF,2010-03-30,USA-FL,,,World Masters Bench Press Championships,180,2010
2114,IPF,2009-11-02,India,,,World Powerlifting Championships,173,2009
2115,IPF,2009-09-28,Czechia,,,World Masters Powerlifting Championships,251,2009
2116,IPF,2009-09-07,Brazil,,,World Sub-Juniors & Juniors Powerlifting Championships,227,2009
2117,IPF,2009-07-25,Taiwan,,,World Games,79,2009
2118,IPF,2009-07-01,Czechia,,,World Sub-Juniors & Juniors Bench Press Championships,166,2009
2119,IPF,2009-05-27,Luxembourg,,,World Bench Press Championships,182,2009
2120,IPF,2009-04-15,New Zealand-WKO,,,World Masters Bench Press Championships,157,2009
2121,IPF,2009-03-07,USA-OH,,,GNC Pro Performance Deadlift Championships,18,2009
2122,IPF,2008-10-30,Canada-NL,,,World Powerlifting Championships,213,2008
2123,IPF,2008-09-30,USA-CA,,,World Masters Powerlifting Championships,260,2008
2124,IPF,2008-09-01,South Africa,,,World Sub-Juniors & Juniors Powerlifting Championships,280,2008
2125,IPF,2008-06-25,Czechia,,,World Bench Press Championships,193,2008
2126,IPF,2008-04-16,Slovakia,,,World Masters Bench Press Championships,266,2008
2127,IPF,2008-03-01,USA-OH,,,GNC Pro Performance Deadlift Championships,17,2008
2128,IPF,2007-10-14,Austria,,,World Powerlifting Championships,274,2007
2129,IPF,2007-09-12,Germany,,,World Masters Bench Press Championships,258,2007
2130,IPF,2007-09-03,France,,,World Sub-Juniors & Juniors Powerlifting Championships,334,2007
2131,IPF,2007-06-10,Czechia,,,World Masters Powerlifting Championships,273,2007
2132,IPF,2007-05-29,Denmark,,,World Bench Press Championships,180,2007
2133,IPF,2006-11-05,Norway,,,World Powerlifting Championships,233,2006
2134,IPF,2006-10-02,USA-TX,,,World Masters Powerlifting Championships,185,2006
2135,IPF,2006-09-05,Bulgaria,,,World Sub-Juniors & Juniors Powerlifting Championships,257,2006
2136,IPF,2006-05-23,Hungary,,,World Bench Press Championships,191,2006
2137,IPF,2006-04-19,USA,,,World Masters Bench Press Championships,236,2006
2138,IPF,2005-11-08,USA-FL,,,Men's World Powerlifting Championships,160,2005
2139,IPF,2005-10-04,South Africa,,,World Masters Powerlifting Championships,223,2005
2140,IPF,2005-09-07,USA-ID,,,World Sub-Juniors & Juniors Powerlifting Championships,209,2005
2141,IPF,2005-07-14,Germany,,,World Games,67,2005
2142,IPF,2005-05-26,Finland,,,Women's World Powerlifting Championships,95,2005
2143,IPF,2005-04-20,Czechia,,,World Masters Bench Press Championships,285,2005
2144,IPF,2005-01-12,Sweden,,,World Open Bench Press Championships,185,2005
2145,IPF,2004-12-02,USA-OH,,,World Bench Press Championships,169,2004
2146,IPF,2004-11-09,South Africa,,,Men's World Powerlifting Championships,143,2004
2147,IPF,2004-10-05,India,,,World Masters Powerlifting Championships,166,2004
2148,IPF,2004-08-09,South Africa,,,World Sub-Juniors & Juniors Powerlifting Championships,190,2004
2149,IPF,2004-05-03,France,,,Women's World Powerlifting Championships,100,2004
2150,IPF,2004-04-21,Slovakia,,,World Masters Bench Press Championships,281,2004
2151,IPF,2003-12-05,Slovakia,,,World Bench Press Championships,222,2003
2152,IPF,2003-11-04,Denmark,,,Men's World Powerlifting Championships,175,2003
2153,IPF,2003-10-08,Canada-SK,,,World Masters Powerlifting Championships,230,2003
2154,IPF,2003-09-24,India,,,World Sub-Juniors Powerlifting Championships,70,2003
2155,IPF,2003-09-09,Poland,,,World Juniors Powerlifting Championships,165,2003
2156,IPF,2003-05-22,USA-IL,,,Women's World Powerlifting Championships,95,2003
2157,IPF,2003-04-16,Czechia,,,World Masters Bench Press Championships,255,2003
2158,IPF,2003-04-12,Ukraine,,,World Students Cup,51,2003
2159,IPF,2002-12-05,Luxembourg,,,World Bench Press Championships,208,2002
2160,IPF,2002-11-13,Slovakia,,,Men's World Powerlifting Championships,158,2002
2161,IPF,2002-10-08,Argentina,,,World Masters Powerlifting Championships,225,2002
2162,IPF,2002-09-25,Taiwan,,,World Sub-Juniors Powerlifting Championships,97,2002
2163,IPF,2002-09-10,Russia-KDA,,,World Juniors Powerlifting Championships,152,2002
2164,IPF,2002-05-29,Germany,,,Women's World Powerlifting Championships,103,2002
2165,IPF,2002-04-18,USA-TX,,,World Masters Bench Press Championships,185,2002
2166,IPF,2002-04-12,Russia-NGR,,,World Students Cup,44,2002
2167,IPF,2001-12-07,New Zealand-CAN,,,World Bench Press Championships,162,2001
2168,IPF,2001-11-15,Finland,,,Men's World Powerlifting Championships,158,2001
2169,IPF,2001-10-17,Canada-SK,,,World Masters Powerlifting Championships,207,2001
2170,IPF,2001-09-16,Russia-KDA,,,World Sub-Juniors Powerlifting Championships,75,2001
2171,IPF,2001-09-11,Bulgaria,,,World Juniors Powerlifting Championships,197,2001
2172,IPF,2001-08-21,Japan,,,World Games,66,2001
2173,IPF,2001-05-24,Czechia,,,Women's World Powerlifting Championships,100,2001
2174,IPF,2001-04-22,Russia-NIZ,,,Student's World Cup,90,2001
2175,IPF,2001-04-13,Luxembourg,,,World Masters Bench Press Championships,244,2001
2176,IPF,2000-12-08,Czechia,,,World Disabled Bench Press Championships,43,2000
2177,IPF,2000-12-08,Czechia,,,World Bench Press Championships,212,2000
2178,IPF,2000-11-15,Japan,,,Men's World Powerlifting Championships,138,2000
2179,IPF,2000-10-17,Czechia,,,World Masters Powerlifting Championships,275,2000
2180,IPF,2000-09-13,Taiwan,,,World Juniors Powerlifting Championships,139,2000
2181,IPF,2000-05-24,Argentina,,,Women's World Powerlifting Championships,81,2000
2182,IPF,1999-12-09,Finland,,,World Disabled Bench Press Championships,43,1999
2183,IPF,1999-12-09,Finland,,,World Bench Press Championships,220,1999
2184,IPF,1999-11-17,Italy,,,Men's World Powerlifting Championships,211,1999
2185,IPF,1999-10-19,South Africa,,,World Masters Powerlifting Championships,175,1999
2186,IPF,1999-10-05,Czechia,,,World Juniors Powerlifting Championships,212,1999
2187,IPF,1999-05-19,Denmark,,,Women's World Powerlifting Championships,104,1999
2188,IPF,1998-12-11,Germany,,,World Bench Press Championships,239,1998
2189,IPF,1998-12-11,Germany,,,World Disabled Bench Press Championships,51,1998
2190,IPF,1998-11-10,Ukraine,,,Men's World Powerlifting Championships,148,1998
2191,IPF,1998-10-21,Hungary,,,World Juniors Powerlifting Championships,240,1998
2192,IPF,1998-10-06,Argentina,,,World Masters Powerlifting Championships,158,1998
2193,IPF,1998-05-23,Norway,,,Women's World Powerlifting Championships,96,1998
2194,IPF,1997-12-13,Czechia,,,Men's World Powerlifting Championships,178,1997
2195,IPF,1997-12-05,Canada,,,World Bench Press Championships,141,1997
2196,IPF,1997-12-05,Canada,,,World Disabled Bench Press Championships,29,1997
2197,IPF,1997-10-14,Hungary,,,World Masters Powerlifting Championships,237,1997
2198,IPF,1997-09-12,Slovakia,,,World Juniors Powerlifting Championships,213,1997
2199,IPF,1997-08-08,Finland,,,World Games,39,1997
2200,IPF,1997-06-18,South Africa,,,Women's World Powerlifting Championships,79,1997
2201,IPF,1996-12-14,Austria,,,Men's World Powerlifting Championships,182,1996
2202,IPF,1996-12-01,Denmark,,,World Disabled Bench Press Championships,43,1996
2203,IPF,1996-12-01,Denmark,,,World Bench Press Championships,175,1996
2204,IPF,1996-10-07,India,,,World Masters Powerlifting Championships,141,1996
2205,IPF,1996-08-07,Finland,,,World Juniors Powerlifting Championships,204,1996
2206,IPF,1996-06-25,Canada-ON,,,Women's World Powerlifting Championships,78,1996
2207,IPF,1995-11-15,Finland,,,Men's World Powerlifting Championships,147,1995
2208,IPF,1995-10-03,Denmark,,,World Masters Powerlifting Championships,207,1995
2209,IPF,1995-07-23,India,,,World Juniors Powerlifting Championships,172,1995
2210,IPF,1995-06-25,Czechia,,,World Bench Press Championships,130,1995
2211,IPF,1995-05-05,Japan,,,Women's World Powerlifting Championships,96,1995
2212,IPF,1994-12-04,Finland,,,World Disabled Bench Press Championships,30,1994
2213,IPF,1994-12-04,Finland,,,World Bench Press Championships,122,1994
2214,IPF,1994-11-17,South Africa,,,Men's World Powerlifting Championships,135,1994
2215,IPF,1994-10-19,Slovakia,,,World Masters Powerlifting Championships,230,1994
2216,IPF,1994-06-18,Indonesia,,,World Juniors Powerlifting Championships,158,1994
2217,IPF,1994-05-25,New Zealand-BOP,,,Women's World Powerlifting Championships,85,1994
2218,IPF,1993-12-12,Hungary,,,World Bench Press Championships,191,1993
2219,IPF,1993-12-10,Hungary,,,World Disabled Bench Press Championships,39,1993
2220,IPF,1993-11-27,Sweden,,,World Powerlifting Championships,277,1993
2221,IPF,1993-10-29,Canada-ON,,,World Juniors Powerlifting Championships,175,1993
2222,IPF,1993-10-26,Canada-ON,,,World Masters Powerlifting Championships,185,1993
2223,IPF,1993-07-24,Netherlands,,,World Games,29,1993
2224,IPF,1992-12-08,Taiwan,,,World Bench Press Championships,102,1992
2225,IPF,1992-12-08,Taiwan,,,World Disabled Bench Press Championships,19,1992
2226,IPF,1992-11-19,England,,,Men's World Powerlifting Championship,166,1992
2227,IPF,1992-09-08,Australia-NSW,,,World Juniors Powerlifting Championships,118,1992
2228,IPF,1992-09-03,Australia-NSW,,,World Masters Powerlifting Championships,135,1992
2229,IPF,1992-05-31,Belgium,,,Women's World Powerlifting Championships,118,1992
2230,IPF,1991-12-15,Germany,,,World Bench Press Championships,116,1991
2231,IPF,1991-12-14,Germany,,,Disabled Bench Press World Championships,22,1991
2232,IPF,1991-11-14,Sweden,,,Men's World Powerlifting Championships,140,1991
2233,IPF,1991-10-11,Uruguay,,,World Masters Powerlifting Championships,94,1991
2234,IPF,1991-09-05,Ivory Coast,,,World Juniors Powerlifting Championships,81,1991
2235,IPF,1991-06-23,India-DL,,,Women's World Powerlifting Championships,73,1991
2236,IPF,1990-12-16,Germany,,,World Disabled Bench Press Championships,17,1990
2237,IPF,1990-12-16,Germany,,,World Bench Press Championships,86,1990
2238,IPF,1990-11-14,Netherlands,,,Men's World Powerlifting Championships,147,1990
2239,IPF,1990-10-13,Australia-WA,,,World Masters Powerlifting Championships,100,1990
2240,IPF,1990-09-20,Norway,,,World Juniors Powerlifting Championships,98,1990
2241,IPF,1990-05-23,Sweden,,,Women's World Powerlifting Championships,92,1990
2242,IPF,1989-11-13,Canada-NS,,,World Powerlifting Championships,187,1989
2243,IPF,1989-09-14,Sweden,,,World Juniors Powerlifting Championships,115,1989
2244,IPF,1989-08-11,Germany,,,World Masters Powerlifting Championships,131,1989
2245,IPF,1989-07-20,Germany,,,World Games,35,1989
2246,IPF,1988-11-11,Australia-WA,,,Men's World Powerlifting Championships,79,1988
2247,IPF,1988-09-07,Luxembourg,,,World Juniors Powerlifting Championships,125,1988
2248,IPF,1988-07-28,England,,,World Masters Powerlifting Championships,145,1988
2249,IPF,1988-05-06,Belgium,,,Women's World & European Powerlifting Championships,99,1988
2250,IPF,1987-11-12,Norway,,,Men's World Powerlifting Championships,110,1987
2251,IPF,1987-09-17,Peru,,,World Juniors Powerlifting Championships,70,1987
2252,IPF,1987-09-08,Peru,,,World Masters Powerlifting Championships,84,1987
2253,IPF,1987-05-31,Australia-WA,,,Women's World Powerlifting Championships,64,1987
2254,IPF,1986-11-13,Netherlands,,,Men's World Powerlifting Championships,128,1986
2255,IPF,1986-10-03,Norway,,,World Masters Powerlifting Championships,131,1986
2256,IPF,1986-09-11,India,,,World Juniors Powerlifting Championships,44,1986
2257,IPF,1986-05-08,Sweden,,,Women's World Powerlifting Championships,84,1986
2258,IPF,1985-11-07,Finland,,,Men's World Powerlifting Championships,101,1985
2259,IPF,1985-09-20,Germany,,,World Juniors Powerlifting Championships,118,1985
2260,IPF,1985-08-24,Canada-ON,,,World Masters Powerlifting Championships,81,1985
2261,IPF,1985-08-03,England,,,World Games,17,1985
2262,IPF,1985-06-01,Austria,,,Women's World Powerlifting Championships,106,1985
2263,IPF,1984-12-13,Australia-WA,,,World Masters Powerlifting Championships,67,1984
2264,IPF,1984-11-23,USA-TX,,,Men's World Powerlifting Championships,120,1984
2265,IPF,1984-09-20,Australia,,,World Juniors Powerlifting Championships,51,1984
2266,IPF,1984-05-19,USA-CA,,,Women's World Powerlifting Championships,66,1984
2267,IPF,1983-12-17,USA-FL,,,World Juniors Powerlifting Championships,40,1983
2268,IPF,1983-11-10,Sweden,,,Men's World Powerlifting Championships,120,1983
2269,IPF,1983-09-03,Canada-ON,,,World Masters Powerlifting Championships,52,1983
2270,IPF,1983-05-07,Australia-SA,,,Women's World Powerlifting Championships,50,1983
2271,IPF,1982-11-04,Germany,,,Men's World Powerlifting Championships,137,1982
2272,IPF,1982-09-04,USA-NC,,,World Masters Powerlifting Championships,39,1982
2273,IPF,1982-05-07,England,,,Women's World Powerlifting Championships,64,1982
2274,IPF,1981-11-05,India-WB,,,Men's World Powerlifting Championships,101,1981
2275,IPF,1981-07-25,USA-CA,,,World Games,20,1981
2276,IPF,1981-05-11,USA-HI,,,Women's World Powerlifting Championship,46,1981
2277,IPF,1980-11-07,USA-VA,,,Men's World Powerlifting Championships,126,1980
2278,IPF,1980-05-21,USA-MA,,,Women's World Powerlifting Championships,49,1980
2279,IPF,1979-11-02,USA-OH,,,Men's World Powerlifting Championships,103,1979
2280,IPF,1978-11-02,Finland,,,Men's World Powerlifting Championships,96,1978
2281,IPF,1977-11-03,Australia-WA,,,Men's World Powerlifting Championships,73,1977
2282,IPF,1976-11-06,USA-PA,,,Men's World Powerlifting Championships,73,1976
2283,IPF,1975-11-22,England,,,Men's World Powerlifting Championships,82,1975
2284,IPF,1974-11-09,USA-PA,,,Men's World Powerlifting Championships,74,1974
2285,IPF,1973-11-09,USA-PA,,,Men's World Powerlifting Championships,48,1973
2286,CPU,2026-08-13,Canada-ON,,,CANPL Centrals,368,2026
2287,CPU,2026-08-08,Canada-SK,,,Bridge City Classic,17,2026
2288,CPU,2026-08-08,Canada-QC,,,La Plateforme - Barbell Games,26,2026
2289,CPU,2026-08-07,Canada-BC,,,BCPA Provincial Championships,217,2026
2290,CPU,2026-08-01,Canada-QC,,,Saguenay Open 2,19,2026
2291,CPU,2026-07-25,Canada-BC,,,BCPA Summer Open,110,2026
2292,CPU,2026-07-18,Canada-MB,,,MPA Summer Classic II,17,2026
2293,CPU,2026-07-18,Canada-ON,,,Band of Barbells Toronto Summer Cup,73,2026
2294,CPU,2026-07-12,Canada-ON,,,OPA Horseshoe Showdown,58,2026
2295,CPU,2026-07-12,Canada-SK,,,Unparalleled Novice Competition,5,2026
2296,CPU,2026-07-11,Canada-QC,,,La Forge Strength Club Equinoxe,41,2026
2297,CPU,2026-07-11,Canada-BC,,,Twin Rivers Strengthfest,63,2026
2298,CPU,2026-06-27,Canada-NL,,,NLPA Provincials,74,2026
2299,CPU,2026-06-26,Canada-SK,,,Sask Powerlifting Provincials,84,2026
2300,CPU,2026-06-20,Canada-QC,,,La Forge Strength Club X Festival en force,46,2026
2301,CPU,2026-06-13,Canada-ON,,,Sunny Daze,103,2026
2302,CPU,2026-06-13,Canada-PE,,,PEI Provincial Championships,50,2026
2303,CPU,2026-06-12,Canada-AB,,,Alberta Powerlifting Union Provincials,239,2026
2304,CPU,2026-05-30,Canada-NS,,,NSPL Provincials,39,2026
2305,CPU,2026-05-23,Canada-ON,,,Band of Barbells Spring Classic,77,2026
2306,CPU,2026-05-09,Canada-QC,,,Eastside Open,62,2026
2307,CPU,2026-05-02,Canada-QC,,,Montreal Powerhouse Classic,48,2026
2308,CPU,2026-05-02,Canada-ON,,,TOTAL Strength Spring Open,56,2026
2309,CPU,2026-05-02,Canada-MB,,,MPA Provincial Powerlifting and Bench Press Championships,72,2026
2310,CPU,2026-05-02,Canada-NB,,,NBPL Provincial Championships,54,2026
2311,CPU,2026-04-25,Canada-SK,,,Trench Open,47,2026
2312,CPU,2026-04-25,Canada-QC,,,Push Powerlifting,24,2026
2313,CPU,2026-04-25,Canada-BC,,,Kraken Open,130,2026
2314,CPU,2026-04-11,Canada-ON,,,The Weightpit Open,47,2026
2315,CPU,2026-04-11,Canada-AB,,,Bermuda Cup,64,2026
2316,CPU,2026-04-11,Canada-QC,,,Uninterrupted Classic 4,45,2026
2317,CPU,2026-03-29,Canada-ON,,,Band of Barbells March Madness,94,2026
2318,CPU,2026-03-28,Canada-NS,,,Frozen Fury,46,2026
2319,CPU,2026-03-28,Canada-QC,,,Classique du podium,53,2026
2320,CPU,2026-03-21,Canada-MB,,,The One Powerlifting Classic 4.0,36,2026
2321,CPU,2026-03-21,Canada-AB,,,Ragnarok Open,51,2026
2322,CPU,2026-03-14,Canada-NL,,,Nationals,748,2026
2323,CPU,2026-03-01,Canada-NB,,,Freddy Full Send III,18,2026
2324,CPU,2026-02-22,Canada-PE,,,Ice Breaker Open,29,2026
2325,CPU,2026-02-08,Canada-ON,,,Apex McMaster Cup II,86,2026
2326,CPU,2026-02-07,Canada-MB,,,11th Annual Brickhouse Power Challenge,19,2026
2327,CPU,2026-01-31,Canada-AB,,,APU Viking Strong Open,20,2026
2328,CPU,2026-01-24,Canada-QC,,,Saguenay Open 1,23,2026
2329,CPU,2026-01-24,Canada-NS,,,Mike Laroche Memorial,24,2026
2330,CPU,2026-01-24,Canada-BC,,,UBC New Years Meet,47,2026
2331,CPU,2026-01-17,Canada-AB,,,Grit Power Open,64,2026
2332,CPU,2026-01-17,Canada-SK,,,Weyburn Open,8,2026
2333,CPU,2026-01-17,Canada-ON,,,Trinity Barbell Last Chance Too,21,2026
2334,CPU,2026-01-10,Canada-NL,,,Last Chance Nationals Qualifier,18,2026
2335,CPU,2025-12-13,Canada-MB,,,Total Fortification,50,2025
2336,CPU,2025-12-13,Canada-BC,,,Last Chance Powerlifting Meet,23,2025
2337,CPU,2025-12-13,Canada-NB,,,Hub City Open,45,2025
2338,CPU,2025-12-06,Canada-AB,,,Cowtown Showdown,61,2025
2339,CPU,2025-12-06,Canada-SK,,,Last Chance,44,2025
2340,CPU,2025-12-06,Canada-ON,,,Coldfront by Catalano Events,51,2025
2341,CPU,2025-11-29,Canada-QC,,,La Forge Chapitre 1,44,2025
2342,CPU,2025-11-29,Canada-ON,,,Band of Barbells Homecoming,76,2025
2343,CPU,2025-11-15,Canada-AB,,,Powersurge XV,46,2025
2344,CPU,2025-11-08,Canada-BC,,,Victoria Barbell Open 6,110,2025
2345,CPU,2025-11-08,Canada-PE,,,Fall Power 2,27,2025
2346,CPU,2025-11-02,Canada-QC,,,Championnat Provincial Sub-Junior et Junior,114,2025
2347,CPU,2025-10-25,Canada-NL,,,Bay St. George Powerlifting Open,24,2025
2348,CPU,2025-10-19,Canada-NS,,,West Pubnico Powerlifting Competition,19,2025
2349,CPU,2025-10-17,Canada-ON,,,OPA Open & Masters Provincial Championship,266,2025
2350,CPU,2025-10-10,Canada-QC,,,Championnat Provincial Open et Masters,106,2025
2351,CPU,2025-10-05,Canada-BC,,,Western Canadian Powerlifting Championships,408,2025
2352,CPU,2025-10-04,Canada-ON,,,Ottawa Open and Bench Press,66,2025
2353,CPU,2025-09-27,Canada-AB,,,Wylie Strength Open,52,2025
2354,CPU,2025-09-21,Canada-ON,,,OPA Youth Sub-Junior Junior Provincial Championship,135,2025
2355,CPU,2025-09-20,Canada-MB,,,Barbell Brawl,14,2025
2356,CPU,2025-09-20,Canada-AB,,,Nine Lives Classic,47,2025
2357,CPU,2025-09-14,Canada-SK,,,SPA Provincials,68,2025
2358,CPU,2025-09-13,Canada-QC,,,Montreal Powerhouse Classic,39,2025
2359,CPU,2025-09-07,Canada-NS,,,Easterns,176,2025
2360,CPU,2025-08-30,Canada-ON,,,Back to School Showdown,24,2025
2361,CPU,2025-08-24,Canada-QC,,,Central Canadian Championships,362,2025
2362,CPU,2025-08-17,Canada-QC,,,Barbell Bash 11,33,2025
2363,CPU,2025-08-16,Canada-BC,,,Twin Rivers Strengthfest,33,2025
2364,CPU,2025-08-16,Canada-NB,,,ForFit Open,13,2025
2365,CPU,2025-08-16,Canada-ON,,,Summer Showdown,69,2025
2366,CPU,2025-08-10,Canada-PE,,,Garage Qualifier,1,2025
2367,CPU,2025-08-02,Canada-ON,,,Band of Barbells - Toronto Summer Cup,55,2025
2368,CPU,2025-08-02,Canada-QC,,,Saguenay Open,22,2025
2369,CPU,2025-07-26,Canada-BC,,,BCPA Summer Open,94,2025
2370,CPU,2025-07-26,Canada-ON,,,Rose City Classic,37,2025
2371,CPU,2025-07-19,Canada-PE,,,PEI Provincial Powerlifting and Bench Press Championships,49,2025
2372,CPU,2025-07-19,Canada-MB,,,MPA Summer Classic,32,2025
2373,CPU,2025-07-12,Canada-ON,,,Trinity Barbell Dog Dayz,52,2025
2374,CPU,2025-07-05,Canada-QC,,,Uninterrupted Summer Classic,24,2025
2375,CPU,2025-06-29,Canada-SK,,,Saskatchewan Special Olympics Provincial Games,15,2025
2376,CPU,2025-06-28,Canada-SK,,,Bridge City Classic,54,2025
2377,CPU,2025-06-28,Canada-QC,,,STH Showdown,48,2025
2378,CPU,2025-06-21,Canada-MB,,,Manitoba Special Olympics Provincial Championship,3,2025
2379,CPU,2025-06-21,Canada-QC,,,Eastside Open 2,15,2025
2380,CPU,2025-06-15,Canada-AB,,,Alberta Powerlifting Union Provincial Championships,240,2025
2381,CPU,2025-06-07,Canada-NL,,,NLPL Provincials,68,2025
2382,CPU,2025-06-07,Canada-ON,,,Apex Power Series 3 - Max Out For Harambe,31,2025
2383,CPU,2025-06-01,Canada-NB,,,NBPL Provincial Championships,64,2025
2384,CPU,2025-06-01,Canada-ON,,,Band of Barbells Spring Classic,91,2025
2385,CPU,2025-06-01,Canada-BC,,,BCPA Provincials,231,2025
2386,CPU,2025-06-01,Canada-QC,,,Classique du Podium,45,2025
2387,CPU,2025-05-31,Canada-QC,,,GL Classic,19,2025
2388,CPU,2025-05-17,Canada-NS,,,Nova Scotia Provincials,58,2025
2389,CPU,2025-05-10,Canada-QC,,,Championnat Invitation,17,2025
2390,CPU,2025-05-10,Canada-QC,,,Fitlog Open,18,2025
2391,CPU,2025-05-03,Canada-QC,,,Beefy Classic,22,2025
2392,CPU,2025-05-03,Canada-BC,,,Kamloops High School Cup,18,2025
2393,CPU,2025-05-02,Canada-MB,,,MPA Provincials,92,2025
2394,CPU,2025-04-27,Canada-BC,,,Kraken Open,112,2025
2395,CPU,2025-04-27,Canada-PE,,,All-In: 3 of a Kind,49,2025
2396,CPU,2025-04-26,Canada-ON,,,April Iron Clash,93,2025
2397,CPU,2025-04-19,Canada-ON,,,The Weight Pit Open,42,2025
2398,CPU,2025-04-19,Canada-AB,,,Kings Fitness Open,28,2025
2399,CPU,2025-04-19,Canada-MB,,,Keystone,20,2025
2400,CPU,2025-04-12,Canada-SK,,,Trench Open,17,2025
2401,CPU,2025-04-12,Canada-AB,,,The Gravity Games,56,2025
2402,CPU,2025-04-05,Canada-ON,,,Strength Collective Spring Special,49,2025
2403,CPU,2025-04-05,Canada-QC,,,Uninterrupted Classic 2,76,2025
2404,CPU,2025-03-29,Canada-QC,,,Barbell Bash 10,46,2025
2405,CPU,2025-03-29,Canada-AB,,,Grit Power Spring Open,66,2025
2406,CPU,2025-03-29,Canada-ON,,,Band of Barbells March Madness,89,2025
2407,CPU,2025-03-23,Canada-NB,,,Port City Showdown,28,2025
2408,CPU,2025-03-22,Canada-ON,,,The One Powerlifting Classic 3.0,51,2025
2409,CPU,2025-03-22,Canada-QC,,,Eastside Open,44,2025
2410,CPU,2025-03-22,Canada-NS,,,Mike Laroche,33,2025
2411,CPU,2025-03-16,Canada-AB,,,UAPA Novice Meet 2,7,2025
2412,CPU,2025-03-15,Canada-ON,,,MYM Judgement Day,92,2025
2413,CPU,2025-03-08,Canada-NS,,,Frozen Fury,15,2025
2414,CPU,2025-03-08,Canada-QC,,,Force au féminin,30,2025
2415,CPU,2025-03-01,Canada-SK,,,Nationals,574,2025
2416,CPU,2025-02-15,Canada-QC,,,Les épreuves d'Atlas,37,2025
2417,CPU,2025-02-08,Canada-PE,,,Charlottetown Showdown,34,2025
2418,CPU,2025-02-08,Canada-BC,,,Winter Open,86,2025
2419,CPU,2025-02-01,Canada-MB,,,Brickhouse Gym Power Challenge,35,2025
2420,CPU,2025-02-01,Canada-ON,,,Apex X McMaster Cup,44,2025
2421,CPU,2025-01-25,Canada-QC,,,Saguenay Open,20,2025
2422,CPU,2025-01-18,Canada-ON,,,Trinity Barbell Last Chance for the Dance,53,2025
2423,CPU,2025-01-18,Canada-AB,,,Grit Power Open,62,2025
2424,CPU,2025-01-18,Canada-BC,,,UBC New Years Championship,49,2025
2425,CPU,2025-01-12,Canada-SK,,,Weyburn Open,14,2025
2426,CPU,2025-01-11,Canada-NL,,,Metro Meltdown,32,2025
2427,CPU,2024-12-14,Canada-MB,,,MPA Total Fortification V,53,2024
2428,CPU,2024-12-14,Canada-BC,,,Iron Throne's Last Chance Qualifier to Nats,48,2024
2429,CPU,2024-12-07,Canada-SK,,,Last Chance,29,2024
2430,CPU,2024-12-07,Canada-AB,,,Cowtown Showdown,53,2024
2431,CPU,2024-12-07,Canada-NB,,,Freddy Full Send,43,2024
2432,CPU,2024-11-30,Canada-ON,,,Trinity Barbell Liftoff,49,2024
2433,CPU,2024-11-30,Canada-NS,,,Halifax Showdown,63,2024
2434,CPU,2024-11-23,Canada-PE,,,Iron Bug V,20,2024
2435,CPU,2024-11-22,Canada-SK,,,SPA Provincials,90,2024
2436,CPU,2024-11-17,Canada-AB,,,Powersurge XIV,63,2024
2437,CPU,2024-11-16,Canada-ON,,,Forge Strength and Steel V1,49,2024
2438,CPU,2024-11-16,Canada-BC,,,Victoria Barbell Open 5,95,2024
2439,CPU,2024-11-10,Canada-MB,,,Manitoba Collegiate Powerlifting Challenge,53,2024
2440,CPU,2024-11-09,Canada-QC,,,QC Championnat Provincial Open et Masters,118,2024
2441,CPU,2024-10-27,Canada-BC,,,BCPA Fall Classic Powerlifting and Bench Press Championships,129,2024
2442,CPU,2024-10-27,Canada-ON,,,Band of Barbells Homecoming,93,2024
2443,CPU,2024-10-26,Canada-AB,,,3 Peaks Open,61,2024
2444,CPU,2024-10-26,Canada-NL,,,Bay St. George Open,32,2024
2445,CPU,2024-10-26,Canada-ON,,,Ottawa Open,76,2024
2446,CPU,2024-10-19,Canada-ON,,,Rose City Classic,33,2024
2447,CPU,2024-10-12,Canada-MB,,,Movement Powerlifting Classic 6.0,29,2024
2448,CPU,2024-10-12,Canada-ON,,,Apex Power Series 2,47,2024
2449,CPU,2024-10-05,Canada-QC,,,Championnat provincial subjunior et junior,126,2024
2450,CPU,2024-09-28,Canada-QC,,,Barbell Bash 9,27,2024
2451,CPU,2024-09-28,Canada-AB,,,Wylie Strength Open,62,2024
2452,CPU,2024-09-22,Canada-SK,,,Olympia In Depth Open,18,2024
2453,CPU,2024-09-14,Canada-PE,,,Nationals,568,2024
2454,CPU,2024-08-24,Canada-ON,,,Krakens Grasp,30,2024
2455,CPU,2024-08-24,Canada-QC,,,Saguenay Open 2,20,2024
2456,CPU,2024-08-24,Canada-AB,,,Viking Strong Open,23,2024
2457,CPU,2024-08-17,Canada-ON,,,UF Summer Open,26,2024
2458,CPU,2024-08-17,Canada-QC,,,GL Classic Été,15,2024
2459,CPU,2024-08-10,Canada-NB,,,ForFit Open,17,2024
2460,CPU,2024-08-09,Canada-ON,,,Summer Showdown Peel,61,2024
2461,CPU,2024-08-03,Canada-QC,,,Vicious Face-Off - Été,41,2024
2462,CPU,2024-07-27,Canada-ON,,,Band of Barbells Toronto Summer Cup,86,2024
2463,CPU,2024-07-27,Canada-BC,,,BCPA Summer Open,75,2024
2464,CPU,2024-07-20,Canada-QC,,,STH Showdown,28,2024
2465,CPU,2024-07-13,Canada-SK,,,Bridge City Classic,35,2024
2466,CPU,2024-07-13,Canada-MB,,,The National Pursuit,16,2024
2467,CPU,2024-07-12,Canada-SK,,,Bridge City Classic Special Olympics,15,2024
2468,CPU,2024-07-06,Canada-BC,,,Special Olympics Qualifier,19,2024
2469,CPU,2024-06-29,Canada-PE,,,PEI Provincial Powerlifting and Bench Press Championships,46,2024
2470,CPU,2024-06-29,Canada-QC,,,Barbell Bash 8,90,2024
2471,CPU,2024-06-23,Canada-QC,,,Uninterrupted Classic,72,2024
2472,CPU,2024-06-23,Canada-NS,,,West Pubnico Health Club Competition,15,2024
2473,CPU,2024-06-15,Canada-MB,,,MPA Bench Press and Para Provincial Championships,10,2024
2474,CPU,2024-06-15,Canada-BC,,,Twin Rivers Strengthfest,87,2024
2475,CPU,2024-06-15,Canada-ON,,,TSC Showdown,55,2024
2476,CPU,2024-06-09,Canada-AB,,,Alberta Powerlifting Union Provincial Championships,251,2024
2477,CPU,2024-06-08,Canada-NL,,,NLPA Provincials,44,2024
2478,CPU,2024-06-08,Canada-NL,,,NLPA Provincials Special Olympics,4,2024
2479,CPU,2024-05-26,Canada-ON,,,Band of Barbells Spring Classic,79,2024
2480,CPU,2024-05-26,Canada-BC,,,Kraken Open,83,2024
2481,CPU,2024-05-25,Canada-QC,,,Vicious Face-Off Printemps,18,2024
2482,CPU,2024-05-18,Canada-QC,,,Championnat Invitation,21,2024
2483,CPU,2024-05-18,Canada-NS,,,NSPL Provincials,79,2024
2484,CPU,2024-05-18,Canada-QC,,,Open de Quebec,25,2024
2485,CPU,2024-05-18,Canada-SK,,,Foundation Open,33,2024
2486,CPU,2024-05-11,Canada-ON,,,Belle River Bench and Open,54,2024
2487,CPU,2024-05-10,Canada-ON,,,Belle River High School Championship,22,2024
2488,CPU,2024-05-05,Canada-NB,,,New Brunswick Powerlifting Provincial Championships,85,2024
2489,CPU,2024-05-05,Canada-PE,,,All-In Double Down,27,2024
2490,CPU,2024-05-04,Canada-ON,,,Classic AF,102,2024
2491,CPU,2024-04-20,Canada-MB,,,9th Annual Brickhouse Power Challenge,33,2024
2492,CPU,2024-04-20,Canada-QC,,,Classique du Podium - Edition Printemps,68,2024
2493,CPU,2024-04-13,Canada-SK,,,Trench Open,24,2024
2494,CPU,2024-04-13,Canada-AB,,,The Gravity Games,56,2024
2495,CPU,2024-04-07,Canada-ON,,,Apex Powerseries,54,2024
2496,CPU,2024-03-31,Canada-AB,,,Calgary Spring Cup,54,2024
2497,CPU,2024-03-21,Canada-NB,,,Easterns,129,2024
2498,CPU,2024-03-21,Canada-NB,,,Easterns Special Olympics,11,2024
2499,CPU,2024-03-18,Canada-PE,,,Garage Qualifier,1,2024
2500,CPU,2024-03-17,Canada-BC,,,BCPA Provincials,123,2024
